transaction_id,card_id,merchant_name,timestamp,amount,location,transaction_type,related_transaction_id
1,7,"Harris, Delacruz and Fuller",2025-04-01 01:00:12,312.76,"1116 Jones Circle, Troy, NY 15814",p2p_transfer,
2,25,"Gonzalez, Allison and Willis",2025-04-01 01:15:29,-325.71,"9935 Yang Knolls, Niagara Falls, NY 17579",refund,
3,26,"Bennett, Hess and Heath",2025-04-01 01:35:12,-355.44,"3370 Schmidt Knolls, Schenectady, NY 16722",refund,
4,1,Nguyen and Sons,2025-04-01 01:39:44,154.63,"6807 Williams Ports, Brooklyn, NY 17529",p2p_transfer,
5,38,"Miller, Rich and Thomas",2025-04-01 01:55:43,372.9,"8295 Andrew Rest, Queens, NY 14074",bill_payment,
6,53,Mendez and Sons,2025-04-01 02:08:22,29.17,"587 Singh Square, Ithaca, NY 12215",atm_withdrawal,
7,23,Weber-Robinson,2025-04-01 02:22:47,238.97,"5522 Mcdaniel Branch, Rochester, NY 14072",p2p_transfer,
8,23,"White, Mitchell and Ross",2025-04-01 03:02:56,382.3,"9173 Yvette Cliffs, Syracuse, NY 11768",p2p_transfer,
9,22,Phillips LLC,2025-04-01 03:17:10,222.45,"864 Matthews Skyway, Syracuse, NY 17232",purchase,
10,28,Shepard PLC,2025-04-01 03:18:22,123.23,"2104 Desiree Manor, Albany, NY 19621",wire_transfer,
11,57,"Bell, Forbes and Johnson",2025-04-01 03:26:12,270.87,"5631 Gary Plains, Schenectady, NY 14334",wire_transfer,
12,25,"Pope, Trujillo and Vazquez",2025-04-01 03:29:10,406.43,"4738 Natasha Harbor, Schenectady, NY 14772",bill_payment,
13,21,Martinez-Rodriguez,2025-04-01 03:36:43,283.58,"1289 Tiffany Lake, Albany, NY 13307",wire_transfer,
14,47,Welch and Sons,2025-04-01 03:41:24,480.33,"4982 Hamilton Grove, Troy, NY 15621",bill_payment,
15,30,Burgess-Gibson,2025-04-01 03:44:56,58.83,"788 Nelson Stravenue, Brooklyn, NY 10745",atm_withdrawal,
16,33,Castaneda PLC,2025-04-01 03:50:48,168.8,"7376 Todd Mews, Albany, NY 12201",p2p_transfer,
17,10,Mcgee Inc,2025-04-01 04:19:00,270.12,"8745 Andrews Stravenue, White Plains, NY 19358",purchase,
18,26,Gallagher-Taylor,2025-04-01 04:33:42,462.42,"7478 Trevor Plains, White Plains, NY 14942",p2p_transfer,
19,7,Perez-Huynh,2025-04-01 04:51:16,96.96,"7155 Watkins Prairie, Rochester, NY 19274",atm_withdrawal,
20,28,Lyons-Bond,2025-04-01 04:51:54,175.06,"3934 Phillip Heights, Queens, NY 19376",purchase,
21,20,"Peterson, Brown and Castaneda",2025-04-01 05:02:24,206.83,"2859 Walker Glen, Cheektowaga, NY 15770",wire_transfer,
22,48,Taylor-Howard,2025-04-01 05:12:18,-252.01,"6380 Hurley Coves, Syracuse, NY 12669",refund,
23,2,Martin Inc,2025-04-01 05:12:25,109.41,"4391 Cunningham Street, Albany, NY 18647",p2p_transfer,
24,24,"Davis, Johnson and Martinez",2025-04-01 05:33:18,150.44,"9171 Aaron Well, Staten Island, NY 14267",atm_withdrawal,
25,23,"Mitchell, Lowe and Figueroa",2025-04-01 05:46:21,-355.2,"8617 Mendoza Parkways, Buffalo, NY 19621",refund,
26,4,"Franco, Schneider and Henry",2025-04-01 05:59:37,126.04,"592 Scott Hills, Schenectady, NY 18752",purchase,
27,55,"Fleming, George and Novak",2025-04-01 06:00:21,-423.08,"7216 John Corners, Albany, NY 17476",refund,
28,38,Smith Inc,2025-04-01 06:01:49,345.16,"8577 Megan Forges, Syracuse, NY 14905",bill_payment,
29,39,"Nelson, Mason and Allen",2025-04-01 06:05:01,-161.42,"1865 Henry Fields, White Plains, NY 15965",refund,
30,22,Hill LLC,2025-04-01 06:15:20,6772.05,"143 Wells Ford, Buffalo, NY 16979",bill_payment,
31,26,"Peck, Castro and Pope",2025-04-01 06:21:38,84.23,"231 Michael Crest, Rochester, NY 14779",bill_payment,
32,22,"Johnson, Griffith and Matthews",2025-04-01 06:22:50,204.29,"9101 Moore Roads, Ithaca, NY 16518",wire_transfer,
33,16,Dunn PLC,2025-04-01 06:30:21,188.2,"2053 Dixon Mountains, Queens, NY 16246",p2p_transfer,
34,13,"Cortez, Stout and Harrison",2025-04-01 06:33:49,-93.28,"4327 Mcclure Valley, Binghamton, NY 19606",refund,
35,47,"Khan, Duran and Barry",2025-04-01 06:49:52,309.95,"5598 Emma Court, Ithaca, NY 10435",wire_transfer,
36,52,Smith-Armstrong,2025-04-01 06:52:53,-388.77,"5006 Barnes Harbor, Bronx, NY 14283",refund,
37,60,Evans Inc,2025-04-01 06:54:40,233.75,"305 Evans Radial, Buffalo, NY 15226",bill_payment,
38,10,Jennings Inc,2025-04-01 06:55:21,-295.34,"7839 Holt Parkway, Albany, NY 14924",refund,
39,30,Ortiz Group,2025-04-01 07:12:58,213.36,"1334 Willie Drive, Binghamton, NY 15139",bill_payment,
40,24,"Mcconnell, Ponce and Powell",2025-04-01 07:31:31,156.31,"9267 Contreras River, Troy, NY 16518",p2p_transfer,
41,58,Long-Foster,2025-04-01 07:33:16,-301.4,"5580 Olivia Curve, Rochester, NY 13542",refund,
42,52,Richardson-Davis,2025-04-01 07:40:13,439.47,"4089 Murray Canyon, Binghamton, NY 15624",wire_transfer,
43,38,"Wiley, Powell and Smith",2025-04-01 07:45:41,115.81,"8117 Gill Orchard, Erikaborough, IL 66194",atm_withdrawal,
44,36,Choi PLC,2025-04-01 08:18:21,93.33,"8725 Robinson Oval, Niagara Falls, NY 18210",p2p_transfer,
45,13,Smith-Keith,2025-04-01 08:19:50,409.68,"168 Wong Port, Binghamton, NY 12806",wire_transfer,
46,8,Moss-Williams,2025-04-01 08:32:24,201.7,"7669 Mcdaniel Lane, Syracuse, NY 12836",purchase,
47,30,Hall-Hernandez,2025-04-01 08:35:46,196.34,"1369 Sarah Port, Brooklyn, NY 17949",atm_withdrawal,
48,40,Le PLC,2025-04-01 09:02:10,389.8,"6392 Adam Plains, Bronx, NY 14715",bill_payment,
49,49,"Mahoney, Ross and Clayton",2025-04-01 09:07:44,353.54,"5625 Burnett Islands, New York, NY 11336",wire_transfer,
50,12,"Acosta, Fernandez and Sanchez",2025-04-01 09:11:32,168.35,"2055 Kenneth Island, Albany, NY 15685",atm_withdrawal,
51,42,"Miller, Wells and Andrews",2025-04-01 09:13:55,-60.43,"1493 Brennan Union, New York, NY 19077",refund,
52,48,Palmer and Sons,2025-04-01 09:23:11,-63.56,"2067 Matthew Bridge, White Plains, NY 11469",refund,
53,33,Reese Group,2025-04-01 09:24:29,404.35,"7597 Donovan Curve, White Plains, NY 19978",wire_transfer,
54,49,Phillips PLC,2025-04-01 09:33:42,-80.1,"1265 Kline Landing, Cheektowaga, NY 11966",refund,
55,29,Jensen Group,2025-04-01 09:42:21,37.86,"5661 Lisa Way, Yonkers, NY 15322",atm_withdrawal,
56,47,Smith Inc,2025-04-01 09:52:56,311.8,"2481 Key Forest, New York, NY 18077",bill_payment,
57,14,Aguilar-Taylor,2025-04-01 10:00:52,38.26,"2930 Elizabeth Village, Niagara Falls, NY 11594",atm_withdrawal,
58,54,Herring-Vaughn,2025-04-01 10:06:17,-308.09,"8766 Barber Villages, Troy, NY 14152",refund,
59,26,Mcguire-Burns,2025-04-01 10:23:18,81.29,"6177 Garcia Isle, Utica, NY 19161",p2p_transfer,
60,16,Valenzuela Inc,2025-04-01 10:36:18,190.79,"2245 Brown Camp, Yonkers, NY 13386",atm_withdrawal,
61,45,Donovan-Phillips,2025-04-01 10:38:36,-177.37,"3926 Morris Extension, Queens, NY 13461",refund,
62,36,Griffin-Lambert,2025-04-01 10:50:18,436.03,"2240 Nathaniel Ville, Brooklyn, NY 11276",bill_payment,
63,43,"May, Murphy and Davis",2025-04-01 10:58:32,99.49,"4061 James Knoll, Binghamton, NY 15521",purchase,
64,30,"Collins, Wiley and Porter",2025-04-01 11:06:34,134.78,"9691 Nelson Common, Schenectady, NY 14905",wire_transfer,
65,43,Tate Ltd,2025-04-01 11:26:26,140.18,"456 Wood Rest, Yonkers, NY 19118",p2p_transfer,
66,59,Richmond-Simon,2025-04-01 12:11:35,121.73,"2737 Erin Extension, Syracuse, NY 15036",atm_withdrawal,
67,14,Schroeder and Sons,2025-04-01 13:09:52,33.55,"3986 Henderson Burgs, Queens, NY 14978",atm_withdrawal,
68,52,"Snyder, Porter and Donovan",2025-04-01 13:12:53,161.49,"3904 Jesse Ramp, Syracuse, NY 17619",purchase,
69,41,"Jackson, Martinez and Sanders",2025-04-01 13:13:52,162.92,"5025 Janet Greens, Queens, NY 11721",wire_transfer,
70,38,Hodge-Perez,2025-04-01 13:18:01,64.09,"9566 Cobb Summit, Rochester, NY 13012",atm_withdrawal,
71,22,"Solomon, Hodge and Mckinney",2025-04-01 13:31:21,398.11,"9837 Tracey Plains, East Devin, IL 61309",p2p_transfer,
72,7,Ortega-Olson,2025-04-01 13:49:56,471.84,"371 Escobar Plains, Bronx, NY 16723",bill_payment,
73,22,Gibbs-Graham,2025-04-01 13:58:35,117.18,"5341 Dixon Knolls, White Plains, NY 19819",purchase,
74,3,Mitchell-Haley,2025-04-01 14:51:17,110.58,"2490 Sullivan Trail, Rochester, NY 19820",wire_transfer,
75,42,Coleman-Moore,2025-04-01 14:53:29,-170.55,"8674 Philip Ville, Troy, NY 12760",refund,
76,29,"Davis, Hays and Wilson",2025-04-01 15:04:39,1095.3,"3921 Fowler Green, White Plains, NY 11863",purchase,
77,35,Vaughn and Sons,2025-04-01 15:15:01,320.94,"1581 Keller Lodge, Yonkers, NY 14257",wire_transfer,
78,43,Walls LLC,2025-04-01 15:29:21,93.43,"8778 Benjamin Ville, Jenkinsland, VT 01886",purchase,
79,44,"Romero, Wagner and Pineda",2025-04-01 16:01:32,-498.15,"5668 Christopher Centers, Queens, NY 13980",refund,
80,3,"Randall, Owen and Vega",2025-04-01 16:01:50,119.68,"8173 Bryan Common, Schenectady, NY 15179",atm_withdrawal,
81,51,"Smith, Lewis and May",2025-04-01 16:04:09,179.22,"3238 Breanna Lake, Syracuse, NY 16121",purchase,
82,5,"English, Chang and Williams",2025-04-01 16:05:46,253.13,"2299 Sawyer Dam, Syracuse, NY 13665",purchase,
83,36,Schaefer-Ray,2025-04-01 16:35:44,154.64,"8196 Tiffany Lights, Niagara Falls, NY 12481",wire_transfer,
84,1,"Dunlap, Owens and Wells",2025-04-01 16:37:32,253.94,"7203 Julia Court, Syracuse, NY 13060",p2p_transfer,
85,34,Hayes-Brown,2025-04-01 17:27:16,215.66,"5677 Fisher Road, Troy, NY 10503",p2p_transfer,
86,24,Williamson-Short,2025-04-01 17:27:44,20.81,"5092 Samantha Lodge, Binghamton, NY 13286",purchase,
87,9,Donovan-Rose,2025-04-01 17:41:19,219.15,"4172 Aguirre Mall, Syracuse, NY 19612",wire_transfer,
88,59,Bennett Inc,2025-04-01 17:41:47,299.04,"6888 Ashlee Light, Loveview, PA 18675",purchase,
89,29,Romero-Bryan,2025-04-01 17:58:45,317.3,"3279 Phelps Place, Niagara Falls, NY 10461",bill_payment,
90,14,"Wallace, Davis and Henry",2025-04-01 18:09:07,-426.65,"9391 Phillips Glens, New York, NY 10405",refund,
91,49,Smith Group,2025-04-01 18:19:52,57.5,"3122 Whitney Hill, Ithaca, NY 15542",purchase,
92,43,King-Lawson,2025-04-01 18:33:50,103.91,"8901 Gomez Knolls, Albany, NY 15736",wire_transfer,
93,22,Stewart-Armstrong,2025-04-01 18:42:19,405.43,"1267 Maria Wells, Albany, NY 14594",bill_payment,
94,58,"Jacobs, Myers and Beasley",2025-04-01 18:51:56,208.9,"480 Justin Street, Ithaca, NY 18766",purchase,
95,52,Miller-Mckay,2025-04-01 19:04:38,208.3,"6607 Green Radial, Utica, NY 15613",purchase,
96,57,"Kent, Hester and Morris",2025-04-01 19:07:09,296.71,"9970 Jennifer Wells, Queens, NY 18526",bill_payment,
97,9,Clark-Sweeney,2025-04-01 19:07:18,307.44,"4457 Christopher Mountains, Brooklyn, NY 16112",p2p_transfer,
98,5,Payne LLC,2025-04-01 19:19:51,410.42,"9561 Bradshaw Run, Yonkers, NY 15550",p2p_transfer,
99,10,"Reese, Larson and Bartlett",2025-04-01 19:26:06,-367.92,"8171 Larry Corner, White Plains, NY 16799",refund,
100,35,"Young, Carroll and Gomez",2025-04-01 19:34:06,-64.46,"4481 Brown Loaf, Buffalo, NY 14216",refund,
101,55,"Thompson, Welch and Rogers",2025-04-01 19:34:38,20.51,"5416 Lauren Well, White Plains, NY 11227",atm_withdrawal,
102,29,Thomas-Warner,2025-04-01 19:40:33,344.41,"3653 Black Isle, Staten Island, NY 17395",wire_transfer,
103,28,Hodge-James,2025-04-01 19:59:41,309.42,"7387 Vasquez Lake, Niagara Falls, NY 17226",p2p_transfer,
104,29,Russell Group,2025-04-01 20:08:57,-475.36,"9229 Rodriguez Park, Buffalo, NY 15936",refund,
105,22,"Carroll, Watson and Casey",2025-04-01 20:10:19,248.68,"6812 Buchanan Ramp, Ithaca, NY 19249",p2p_transfer,
106,9,Torres LLC,2025-04-01 20:22:16,98.31,"3041 Tonya Curve, East Matthewmouth, NJ 02918",purchase,
107,3,Smith-Richardson,2025-04-01 20:27:31,85.94,"8907 Scott Vista, Schenectady, NY 18402",wire_transfer,
108,13,Weeks-Anderson,2025-04-01 20:32:39,348.73,"9704 Booker Track, Ithaca, NY 13278",p2p_transfer,
109,24,Dawson LLC,2025-04-01 20:35:25,494.52,"5602 Bell Passage, West Matthewside, CA 92278",p2p_transfer,
110,30,Anderson LLC,2025-04-01 20:36:20,309.54,"7596 Miller Lodge, Syracuse, NY 16494",p2p_transfer,
111,42,"Fowler, Scott and Blackwell",2025-04-01 20:49:26,-181.51,"7408 King Knolls, Bronx, NY 19693",refund,
112,34,Bradley-Wilson,2025-04-01 20:59:52,231.99,"6751 Chelsea Hills, Brooklyn, NY 19235",bill_payment,
113,39,"Ramirez, Douglas and Ruiz",2025-04-01 21:25:30,178.29,"3554 Sherry Valley, Lake James, MA 08703",purchase,
114,54,"Bryant, Johnson and Mueller",2025-04-01 21:36:38,81.13,"6711 Jonathan Village, Troy, NY 14939",wire_transfer,
115,57,Lyons LLC,2025-04-01 21:56:16,199.85,"2621 Hayes Ports, East Jasonmouth, TX 76237",purchase,
116,6,"Herrera, Hernandez and Acosta",2025-04-01 21:59:53,491.3,"6731 Davidson Station, Schenectady, NY 19908",wire_transfer,
117,15,Castro Ltd,2025-04-01 22:05:07,158.2,"9416 Ariel Mission, Niagara Falls, NY 12489",purchase,
118,6,"Price, Olson and Roberts",2025-04-01 22:19:14,134.53,"7399 Anderson Orchard, Lisaside, IL 60433",p2p_transfer,
119,9,"Kline, Clark and Henry",2025-04-01 22:43:50,373.39,"8637 Russell Lake, Bronx, NY 10790",p2p_transfer,
120,40,"Park, Cameron and Trevino",2025-04-01 22:53:23,250.85,"1683 Mckenzie Springs, New York, NY 13668",p2p_transfer,
121,20,"Johnson, Sloan and Cortez",2025-04-01 23:05:43,458.03,"2115 Brown Summit, Schenectady, NY 18595",p2p_transfer,
122,28,Joseph-Wood,2025-04-01 23:11:46,122.18,"6126 Williamson Ridges, White Plains, NY 14090",atm_withdrawal,
123,3,"Reynolds, Manning and Long",2025-04-01 23:27:08,234.75,"9194 Parrish Hills, New York, NY 19231",wire_transfer,
124,53,Baker Ltd,2025-04-01 23:40:51,23.12,"4264 Amanda Centers, Troy, NY 19721",atm_withdrawal,
125,58,Moss Group,2025-04-01 23:53:53,244.09,"5559 Miller Forks, Utica, NY 10920",bill_payment,
126,59,Juarez-Church,2025-04-02 01:15:49,465.51,"7489 Andrew Locks, Brooklyn, NY 16061",bill_payment,
127,36,Stewart-Lewis,2025-04-02 01:16:36,212.66,"3782 Shaun Harbors, Schenectady, NY 16692",purchase,
128,55,Coffey-Clark,2025-04-02 01:20:27,180.97,"8881 Craig View, Staten Island, NY 13777",p2p_transfer,
129,31,"Gill, Morales and Hurst",2025-04-02 01:22:17,1996.65,"9476 Kristen Spurs, Niagara Falls, NY 19396",purchase,
130,32,"Allen, Patterson and Wheeler",2025-04-02 01:25:48,136.83,"7809 Palmer Passage, White Plains, NY 14353",bill_payment,
131,22,Ho Group,2025-04-02 01:39:35,50.09,"1315 Cortez Drive, Buffalo, NY 14503",purchase,
132,28,"Sloan, Reed and Murphy",2025-04-02 01:48:51,158.0,"4195 Kristen Pine, Bronx, NY 13344",atm_withdrawal,
133,8,"Powell, Cole and Clark",2025-04-02 01:51:59,394.56,"409 Randy Place, South Jacob, IL 62322",wire_transfer,
134,55,"Alvarez, Taylor and Graham",2025-04-02 01:57:38,149.28,"3043 Greene Street, White Plains, NY 14897",purchase,
135,46,"Singh, Martin and Brown",2025-04-02 02:07:51,366.83,"9136 Smith Inlet, Ithaca, NY 16940",bill_payment,
136,56,Jones and Sons,2025-04-02 02:22:11,410.33,"5307 Lee Harbor, Syracuse, NY 16591",bill_payment,
137,37,"Williams, Fitzgerald and Cardenas",2025-04-02 02:26:03,118.2,"4493 Rangel Corners, Rochester, NY 14384",atm_withdrawal,
138,30,"Knight, Schmidt and Stanley",2025-04-02 02:27:22,59.41,"8027 Fischer Springs, New York, NY 16678",p2p_transfer,
139,32,Chapman-Williams,2025-04-02 02:55:09,80.05,"1013 Ramos Divide, Rochester, NY 19236",purchase,
140,48,Olson-Brewer,2025-04-02 02:59:31,61.05,"9540 Sanchez Creek, Albany, NY 17417",purchase,
141,36,Knight Group,2025-04-02 03:11:42,84.71,"644 Nancy Loaf, Rochester, NY 15897",atm_withdrawal,
142,48,"Baird, Phillips and Martin",2025-04-02 03:12:51,130.55,"448 Brianna Highway, Edwardsside, CT 09149",atm_withdrawal,
143,36,Arroyo LLC,2025-04-02 03:18:19,108.59,"6271 Vasquez Meadow, New York, NY 11403",atm_withdrawal,
144,51,Stewart-Bridges,2025-04-02 03:26:23,105.36,"1053 Phillips Extensions, Albany, NY 13415",purchase,
145,60,"Dudley, Graham and Smith",2025-04-02 03:44:10,163.01,"5981 Chung Mountains, Utica, NY 12345",bill_payment,
146,51,Mayo-Rodriguez,2025-04-02 03:51:04,412.88,"8994 Mitchell Ville, Bronx, NY 19318",wire_transfer,
147,26,Griffith Inc,2025-04-02 03:55:28,76.71,"7042 James Creek, Yonkers, NY 18801",atm_withdrawal,
148,45,Roberts and Sons,2025-04-02 04:10:18,204.11,"7754 Christopher Field, Buffalo, NY 10530",bill_payment,
149,46,Johnson-Richardson,2025-04-02 04:18:47,187.85,"7752 Wilson Dale, Utica, NY 16389",wire_transfer,
150,45,Baker-Robinson,2025-04-02 04:26:46,377.07,"6167 Jones Vista, Queens, NY 18926",p2p_transfer,
151,22,"Simmons, Bradshaw and Thompson",2025-04-02 04:33:38,334.0,"994 Gray Crossroad, Queens, NY 14456",bill_payment,
152,1,"Munoz, Mack and Mitchell",2025-04-02 05:00:48,27.22,"1667 Nelson Union, Ithaca, NY 10460",atm_withdrawal,
153,33,"Williams, Koch and Davenport",2025-04-02 05:07:38,34.51,"7099 Fox Squares, Huertafurt, CA 97681",purchase,
154,30,Drake-Waters,2025-04-02 05:13:14,496.89,"5176 Brandon Mountain, Troy, NY 14401",p2p_transfer,
155,13,Hall-Brown,2025-04-02 05:34:56,189.24,"5435 Lopez Meadow, Cheektowaga, NY 13875",purchase,
156,27,"Jenkins, Alvarado and Anthony",2025-04-02 05:42:49,245.65,"8765 Brandon Parks, Cheektowaga, NY 12228",bill_payment,
157,20,Sanchez-King,2025-04-02 05:43:37,117.68,"6530 Williams Throughway, Troy, NY 10186",bill_payment,
158,56,Becker Inc,2025-04-02 05:44:34,127.93,"9400 Jordan Fall, White Plains, NY 12217",atm_withdrawal,
159,25,"Fritz, Valdez and Barker",2025-04-02 05:59:11,452.51,"5361 Steele Ferry, New York, NY 13567",wire_transfer,
160,38,Stephens-Phillips,2025-04-02 06:30:11,-472.27,"1137 Joseph Lock, Staten Island, NY 14719",refund,
161,56,Michael Ltd,2025-04-02 06:34:02,151.22,"8564 Taylor Mountains, Brooklyn, NY 16031",bill_payment,
162,27,Perez Group,2025-04-02 07:03:19,135.23,"5988 Bowen Mission, Albany, NY 12090",atm_withdrawal,
163,42,Hudson LLC,2025-04-02 07:06:42,235.53,"9458 Bryan Stream, Brooklyn, NY 18253",p2p_transfer,
164,25,Summers Inc,2025-04-02 07:13:40,214.59,"1343 Mclean Vista, Brooklyn, NY 12075",p2p_transfer,
165,3,Alvarez LLC,2025-04-02 07:22:54,97.18,"4129 Schwartz Corner, Cheektowaga, NY 14224",wire_transfer,
166,12,"King, Goodwin and Graham",2025-04-02 07:55:55,284.46,"3387 Nguyen Plaza, Brooklyn, NY 16976",p2p_transfer,
167,41,"King, Lucas and Francis",2025-04-02 07:57:10,65.05,"7930 Tanner Ports, Queens, NY 19688",p2p_transfer,
168,53,Lyons PLC,2025-04-02 08:08:33,199.0,"5079 Sherman Court, Buffalo, NY 14365",p2p_transfer,
169,54,"Boyd, Baker and Martinez",2025-04-02 08:12:14,179.7,"9976 Chapman Parkway, New York, NY 11098",atm_withdrawal,
170,26,Hill Ltd,2025-04-02 08:20:31,182.52,"9613 Jennifer Pike, White Plains, NY 14901",bill_payment,
171,43,Valencia-Alexander,2025-04-02 08:33:05,258.94,"7613 Andrew Tunnel, West Robertland, PA 16657",wire_transfer,
172,3,"Haynes, Phillips and Jones",2025-04-02 09:15:42,63.74,"7315 William Rue, New York, NY 18161",p2p_transfer,
173,50,"Brown, Hall and Green",2025-04-02 09:19:12,-109.25,"4036 Christina Mountains, Troy, NY 15642",refund,
174,30,Park Inc,2025-04-02 10:17:25,125.02,"994 Keith Branch, Brooklyn, NY 18054",bill_payment,
175,18,Hernandez-Clements,2025-04-02 10:30:19,190.94,"4488 Copeland Plaza, Utica, NY 13655",atm_withdrawal,
176,27,Kane-Campbell,2025-04-02 11:00:22,199.99,"5909 Daniel Drives, Calebland, MA 06141",purchase,
177,49,"Brooks, Werner and Owens",2025-04-02 11:18:59,274.98,"6265 Darrell Drive, Rochester, NY 14867",purchase,
178,49,"Willis, Hall and Wright",2025-04-02 11:24:36,371.67,"5784 Davis Manor, Syracuse, NY 14617",wire_transfer,
179,32,Rivera-Hurst,2025-04-02 11:25:38,-117.86,"4498 Abigail Tunnel, Yonkers, NY 17058",refund,
180,29,Stevens-Miller,2025-04-02 11:42:23,-207.52,"3025 Kathleen Neck, Albany, NY 11700",refund,
181,55,"Alvarez, Taylor and Graham",2025-04-02 11:57:38,-149.28,"3043 Greene Street, White Plains, NY 14897",cancellation,134
182,29,Barnes-Good,2025-04-02 12:01:11,94.16,"3402 Joseph Shores, Binghamton, NY 16682",p2p_transfer,
183,8,"Morris, Bradley and Lester",2025-04-02 12:10:32,-350.69,"2200 Hayes Parks, Albany, NY 15767",refund,
184,8,Snyder and Sons,2025-04-02 12:17:43,148.7,"569 Jessica Oval, Binghamton, NY 16368",purchase,
185,46,Frank-Davidson,2025-04-02 12:33:46,167.7,"3813 Wilson Drive, Niagara Falls, NY 15665",atm_withdrawal,
186,31,Fisher PLC,2025-04-02 12:36:37,31.8,"4849 Danny Streets, New York, NY 11238",atm_withdrawal,
187,16,"Tanner, Haney and Welch",2025-04-02 12:37:14,311.8,"5899 Allen Turnpike, Staten Island, NY 18032",bill_payment,
188,35,Nelson-Jackson,2025-04-02 12:37:42,18.95,"1252 Frederick Burgs, Albany, NY 17312",purchase,
189,19,Porter-Bailey,2025-04-02 12:42:04,109.68,"2999 Wise Shores, New York, NY 16438",wire_transfer,
190,47,Meyers-Parks,2025-04-02 12:52:34,268.86,"6680 Benjamin Rapid, New York, NY 11293",purchase,
191,33,Bates-Kelly,2025-04-02 12:53:14,-269.84,"872 Kevin Roads, Yonkers, NY 17271",refund,
192,21,Hall LLC,2025-04-02 13:12:17,383.39,"9510 Taylor Loaf, Albany, NY 17373",wire_transfer,
193,12,Wyatt Ltd,2025-04-02 13:21:44,-216.83,"6059 Wayne Expressway, Cruzfort, MA 02401",refund,
194,44,Reed-Summers,2025-04-02 13:26:46,183.84,"4476 Pham Gateway, Rochester, NY 11665",purchase,
195,6,Hughes PLC,2025-04-02 14:18:06,213.09,"9155 George Brook, Schenectady, NY 11353",p2p_transfer,
196,32,Mcneil PLC,2025-04-02 14:18:40,135.75,"5404 Schwartz Manors, New York, NY 19854",atm_withdrawal,
197,45,Daniels Ltd,2025-04-02 14:31:02,-71.01,"4899 Sutton Shores, Staten Island, NY 11534",refund,
198,41,"Herrera, Holt and Davis",2025-04-02 14:56:23,167.69,"1361 Reynolds Square, Staten Island, NY 14235",p2p_transfer,
199,47,Garcia Ltd,2025-04-02 15:40:30,64.28,"6390 Snyder Ville, Queens, NY 15727",atm_withdrawal,
200,52,Miller-Francis,2025-04-02 16:08:49,294.09,"6200 Samuel Lodge, Schenectady, NY 14172",bill_payment,
201,32,"Castaneda, Dalton and Gonzalez",2025-04-02 16:20:34,-461.55,"4110 Atkins Corner, New York, NY 16826",refund,
202,8,"Washington, Montes and Solis",2025-04-02 16:37:00,198.67,"2445 Lisa Cape, Schenectady, NY 18718",purchase,
203,39,Bonilla-Flores,2025-04-02 16:40:48,-378.5,"7237 Wanda Keys, Albany, NY 12896",refund,
204,47,Rowe Ltd,2025-04-02 16:42:52,203.52,"5567 Lopez Prairie, Staten Island, NY 11838",wire_transfer,
205,54,"Martinez, Perez and Parker",2025-04-02 17:03:06,488.66,"4065 Wallace Circle, Schenectady, NY 11879",bill_payment,
206,6,Gallagher LLC,2025-04-02 17:18:10,-79.28,"8636 Gregory Extensions, Schenectady, NY 17723",refund,
207,5,Meyer-Sandoval,2025-04-02 17:21:36,-85.22,"8181 Ramirez Mount, Niagara Falls, NY 17624",refund,
208,50,"Turner, Sosa and Morse",2025-04-02 18:11:13,121.23,"4430 Matthews Shoals, Troy, NY 11698",purchase,
209,32,"Gray, Simpson and Chapman",2025-04-02 18:13:28,123.45,"5204 Jennifer Valleys, Rochester, NY 14501",p2p_transfer,
210,59,Hernandez Group,2025-04-02 18:22:15,187.31,"6048 Kim Ford, Yonkers, NY 18127",purchase,
211,2,Yates-Huffman,2025-04-02 18:39:37,223.08,"477 Jeffery Passage, New York, NY 12632",purchase,
212,27,Conway Group,2025-04-02 18:45:37,333.68,"6534 Jamie Fall, Queens, NY 11221",wire_transfer,
213,43,Harris LLC,2025-04-02 18:56:46,465.64,"6703 Kenneth Ridges, Staten Island, NY 11881",wire_transfer,
214,29,Harris and Sons,2025-04-02 19:05:06,187.72,"2992 Raymond Grove, Albany, NY 12761",purchase,
215,56,Hodges PLC,2025-04-02 19:18:56,180.9,"9569 Rice Valleys, Staten Island, NY 19636",p2p_transfer,
216,9,Blake PLC,2025-04-02 19:29:55,-420.5,"2782 Samuel Ridges, Binghamton, NY 19696",refund,
217,17,Church and Sons,2025-04-02 20:01:07,350.02,"8047 Ellen Points, Albany, NY 17320",bill_payment,
218,2,"Thompson, Martin and Long",2025-04-02 20:46:31,396.25,"9836 Owens Shoals, Syracuse, NY 13677",wire_transfer,
219,59,Fuentes Inc,2025-04-02 21:26:26,-166.34,"2794 Theresa Views, New York, NY 10078",refund,
220,40,"Phillips, Dougherty and Reeves",2025-04-02 21:28:16,484.48,"8071 Ryan Walks, Niagara Falls, NY 10346",wire_transfer,
221,31,"Miller, Young and Rogers",2025-04-02 21:49:29,129.37,"6670 Holland Summit, Queens, NY 11602",atm_withdrawal,
222,38,Day-Mitchell,2025-04-02 22:18:53,493.71,"8187 Joseph Highway, Syracuse, NY 15227",wire_transfer,
223,40,"Smith, Miller and Burton",2025-04-02 22:51:23,186.19,"5921 Russell Plain, Yonkers, NY 17564",purchase,
224,53,Castaneda-Davidson,2025-04-02 22:55:48,285.45,"9006 Leonard Grove, Binghamton, NY 14220",p2p_transfer,
225,43,"Williams, Murphy and Lane",2025-04-02 23:15:06,412.5,"300 Michael Mews, White Plains, NY 14777",p2p_transfer,
226,54,Wilson-Fuller,2025-04-02 23:16:23,342.89,"7950 Rogers Drive, Buffalo, NY 17339",bill_payment,
227,36,"White, Horton and Grant",2025-04-02 23:28:58,94.73,"7810 Lambert Orchard, Port Alberthaven, IL 63240",purchase,
228,13,Wagner Group,2025-04-03 01:03:25,96.08,"6860 Taylor Drives, New Deanna, TX 76560",wire_transfer,
229,26,Hernandez PLC,2025-04-03 01:57:59,111.96,"8245 Murphy Summit, Brooklyn, NY 11593",purchase,
230,31,"Potter, Davis and Thomas",2025-04-03 02:11:45,132.98,"1191 Howe Burg, Ithaca, NY 13831",bill_payment,
231,58,Hunt Ltd,2025-04-03 02:40:08,19.05,"3147 Wong Causeway, Albany, NY 16584",purchase,
232,7,Lee Ltd,2025-04-03 03:28:21,338.25,"7502 Wilson Harbor, Yonkers, NY 10957",p2p_transfer,
233,44,"Conley, Brown and Warren",2025-04-03 03:53:06,402.71,"613 Nicholas Forges, Bronx, NY 15027",p2p_transfer,
234,24,Banks-Gates,2025-04-03 03:54:29,-314.62,"6879 Wyatt Village, Niagara Falls, NY 18740",refund,
235,24,"Jackson, Smith and Brooks",2025-04-03 04:04:34,340.21,"3374 Stein Inlet, New York, NY 14516",bill_payment,
236,20,Rogers-Patterson,2025-04-03 04:17:22,5932.35,"7554 Stacey Forks, Yonkers, NY 15610",wire_transfer,
237,38,Morrison-Miller,2025-04-03 04:18:33,183.74,"5362 Short Mills, Rochester, NY 12137",atm_withdrawal,
238,27,"Barber, Martin and Glenn",2025-04-03 04:55:44,299.29,"9408 Palmer Lake, Troy, NY 10173",purchase,
239,32,"Hunter, Beck and Brown",2025-04-03 05:45:30,226.92,"7174 King Corner, Brooklyn, NY 16756",bill_payment,
240,1,"Meyer, Leach and James",2025-04-03 05:53:13,79.38,"2360 Soto Summit, Cheektowaga, NY 15562",purchase,
241,19,"Williams, Sandoval and Lopez",2025-04-03 06:14:25,120.44,"3358 Joseph Meadow, Syracuse, NY 18556",atm_withdrawal,
242,7,Obrien Group,2025-04-03 06:31:00,224.7,"3451 Edwards Mountain, White Plains, NY 10933",purchase,
243,53,Morris-Stephens,2025-04-03 06:34:59,467.63,"7026 Ross Mountain, Syracuse, NY 10678",wire_transfer,
244,47,"Marshall, Avery and Glover",2025-04-03 08:01:55,-391.82,"1211 Rebecca Ways, Syracuse, NY 11721",refund,
245,30,"Thompson, Watts and Barrett",2025-04-03 08:05:49,85.42,"5814 Weaver Hills, Troy, NY 19734",p2p_transfer,
246,36,Wright-Johnson,2025-04-03 08:08:29,98.64,"5338 Jacqueline Trace, Staten Island, NY 10067",bill_payment,
247,31,"Wood, Perry and Phelps",2025-04-03 08:20:34,406.53,"5239 Kevin Rapids, Cheektowaga, NY 16536",wire_transfer,
248,54,James Group,2025-04-03 08:32:41,329.59,"481 Thomas Causeway, New York, NY 19247",p2p_transfer,
249,48,Rodriguez Group,2025-04-03 08:58:49,200.12,"4456 Dominique Mall, White Plains, NY 15954",purchase,
250,23,Galvan-Peterson,2025-04-03 09:15:21,-430.65,"2646 Bush Plains, Staten Island, NY 19042",refund,
251,57,Nixon-Cook,2025-04-03 09:29:42,-146.26,"8990 Miranda Mill, Staten Island, NY 12239",refund,
252,9,Phillips-Simon,2025-04-03 10:03:06,239.3,"1319 Amy Shore, Cheektowaga, NY 18156",wire_transfer,
253,8,"Washington, Montes and Solis",2025-04-03 10:37:00,-198.67,"2445 Lisa Cape, Schenectady, NY 18718",cancellation,202
254,54,"Webb, Lam and Morales",2025-04-03 11:11:43,211.72,"7384 Chambers Points, Niagara Falls, NY 16508",p2p_transfer,
255,10,Carrillo Inc,2025-04-03 11:24:29,7.77,"473 King Stream, Cheektowaga, NY 13824",purchase,
256,51,Hendrix-Sosa,2025-04-03 11:32:57,-95.67,"2836 Walker Extension, Syracuse, NY 15981",refund,
257,31,"Porter, King and Sexton",2025-04-03 11:38:04,344.97,"5353 Michele Mall, Rochester, NY 12047",wire_transfer,
258,28,Wilson Inc,2025-04-03 12:08:24,160.95,"456 Beverly Plain, Utica, NY 11537",atm_withdrawal,
259,45,Donovan and Sons,2025-04-03 12:17:47,3862.5,"2316 Nguyen Brooks, Buffalo, NY 17950",wire_transfer,
260,42,Mcclain-Ramos,2025-04-03 12:21:23,63.72,"2966 Green Green, Staten Island, NY 14305",atm_withdrawal,
261,43,"Osborne, Stark and Rivera",2025-04-03 12:22:58,-237.16,"3267 Peter Forge, Huberstad, IL 69138",refund,
262,1,Gutierrez-West,2025-04-03 12:24:32,20.35,"2883 Joshua Lock, Niagara Falls, NY 11165",atm_withdrawal,
263,13,West-Chase,2025-04-03 13:20:59,-99.65,"3003 Veronica Brook, Syracuse, NY 15631",refund,
264,53,"Allen, Leach and Stevens",2025-04-03 13:41:22,268.2,"7301 Lori Rapids, Rochester, NY 12176",p2p_transfer,
265,26,Anderson-Barry,2025-04-03 13:48:02,194.13,"9015 Dyer Cliffs, Queens, NY 12580",wire_transfer,
266,12,Rojas-Webb,2025-04-03 13:58:30,50.02,"4482 Brenda Ramp, Niagara Falls, NY 10785",atm_withdrawal,
267,7,"Griffin, Bautista and Miller",2025-04-03 14:03:36,463.08,"4991 Carlos Ville, Niagara Falls, NY 15944",bill_payment,
268,44,Gonzalez-Bradley,2025-04-03 14:13:05,-243.56,"4441 Wright Fort, White Plains, NY 19364",refund,
269,35,Eaton-Beltran,2025-04-03 14:15:21,163.2,"8483 Scott Causeway, Schenectady, NY 11116",p2p_transfer,
270,5,Ritter PLC,2025-04-03 14:29:02,-449.11,"2267 Galvan Springs, Cheektowaga, NY 17899",refund,
271,25,David and Sons,2025-04-03 15:04:01,236.04,"3555 Jaclyn Mews, Albany, NY 19062",purchase,
272,42,Hughes-Butler,2025-04-03 16:01:12,46.56,"7540 Gilbert Stravenue, Cheektowaga, NY 17811",purchase,
273,31,Hamilton-Garcia,2025-04-03 16:11:08,195.42,"5536 Danielle Burgs, White Plains, NY 16958",atm_withdrawal,
274,38,Perry PLC,2025-04-03 16:30:36,150.23,"3192 Gonzales Lakes, Queens, NY 17083",atm_withdrawal,
275,53,Wilson LLC,2025-04-03 16:36:32,310.18,"8202 Gutierrez Meadows, Rochester, NY 17495",p2p_transfer,
276,8,Franco and Sons,2025-04-03 16:39:56,-158.45,"1391 Lisa Rue, Queens, NY 14427",refund,
277,44,Wagner-Shepard,2025-04-03 16:54:44,61.17,"7553 Buchanan Center, White Plains, NY 16602",atm_withdrawal,
278,52,Powell Group,2025-04-03 16:59:37,69.49,"7560 Williams Lodge, Troy, NY 12472",wire_transfer,
279,52,Hogan LLC,2025-04-03 17:18:05,384.53,"7642 Tracy Pine, Rochester, NY 17991",wire_transfer,
280,14,Calderon and Sons,2025-04-03 17:20:31,75.82,"1673 White Falls, Niagara Falls, NY 14157",atm_withdrawal,
281,22,Coleman-Richardson,2025-04-03 17:29:45,-19.68,"2234 Christian Road, Bronx, NY 12388",refund,
282,42,"Lee, Collins and Osborn",2025-04-03 18:12:37,202.1,"5391 Wilson Trace, Niagara Falls, NY 12694",p2p_transfer,
283,4,"Hernandez, Thompson and Marsh",2025-04-03 18:16:40,86.31,"3763 Mercer Extensions, Schenectady, NY 14087",wire_transfer,
284,32,Vasquez-Jones,2025-04-03 18:20:36,394.97,"6611 Howard Plaza, Cheektowaga, NY 11703",bill_payment,
285,7,Hall Inc,2025-04-03 18:57:28,410.11,"3325 Kyle Trace, Staten Island, NY 18963",p2p_transfer,
286,11,Martinez PLC,2025-04-03 19:06:09,88.38,"6468 Shelley Plaza, Niagara Falls, NY 19408",purchase,
287,43,Martinez-Cole,2025-04-03 19:54:08,499.37,"3690 Burke Roads, Rochester, NY 12735",bill_payment,
288,48,Hamilton-Gordon,2025-04-03 20:27:14,3749.55,"3374 Perez Wall, Utica, NY 12733",p2p_transfer,
289,48,Skinner-Clark,2025-04-03 20:31:18,255.8,"821 Taylor Field, Troy, NY 10241",wire_transfer,
290,21,Wright-Monroe,2025-04-03 20:47:55,-242.49,"9360 Huff Road, Niagara Falls, NY 17804",refund,
291,31,Garcia Inc,2025-04-03 21:11:47,419.19,"2209 Rios Lodge, Staten Island, NY 13523",p2p_transfer,
292,29,Craig-Medina,2025-04-03 21:26:31,1584.15,"3254 Shaw Locks, Buffalo, NY 15931",atm_withdrawal,
293,35,Freeman-Olson,2025-04-03 21:46:40,25.39,"493 John Junction, Syracuse, NY 18906",atm_withdrawal,
294,43,Estes-Palmer,2025-04-03 21:47:36,169.21,"4149 Wright Mall, Binghamton, NY 19509",atm_withdrawal,
295,21,Johnson-Spears,2025-04-03 22:14:35,463.59,"6199 Saunders Lodge, Buffalo, NY 17772",bill_payment,
296,9,Arnold-Nunez,2025-04-03 22:24:41,260.81,"9741 Mcgee River, West Brittanyshire, CA 98036",wire_transfer,
297,20,"Friedman, Cox and Pittman",2025-04-03 22:26:18,440.83,"7339 Jeffrey Manor, Troy, NY 14229",bill_payment,
298,27,Martinez-Bishop,2025-04-03 22:41:07,258.19,"1408 Fisher Mountain, New York, NY 10861",p2p_transfer,
299,38,Phillips-Martinez,2025-04-03 22:52:32,52.95,"8651 Olivia Squares, Ithaca, NY 16941",atm_withdrawal,
300,48,Miller-Cooper,2025-04-03 22:54:20,225.02,"4696 Samuel Village, Schenectady, NY 15564",purchase,
301,4,"Hurst, Melendez and Richardson",2025-04-03 23:14:03,-25.19,"909 Snow Forks, Syracuse, NY 12959",refund,
302,14,Mays-Melendez,2025-04-04 01:59:15,263.99,"3270 Janet Ports, Rochester, NY 18187",wire_transfer,
303,8,White PLC,2025-04-04 01:59:59,-181.4,"5075 Kristin Burgs, Syracuse, NY 19144",refund,
304,39,Newman Inc,2025-04-04 02:03:48,3858.15,"8482 David Estates, Dianachester, CT 08643",bill_payment,
305,5,"Wright, Carey and Newton",2025-04-04 02:24:19,5325.6,"4114 Thompson Flats, Niagara Falls, NY 10009",bill_payment,
306,33,Hall PLC,2025-04-04 02:41:45,168.56,"6561 Olsen Walks, White Plains, NY 17290",atm_withdrawal,
307,27,Clark-Morton,2025-04-04 02:43:38,130.4,"3701 Day Trafficway, Cheektowaga, NY 14825",atm_withdrawal,
308,60,"Stewart, Turner and Pitts",2025-04-04 03:15:54,80.78,"3093 Garcia Trafficway, Troy, NY 18283",atm_withdrawal,
309,4,"Dominguez, Nicholson and Lamb",2025-04-04 03:23:07,180.12,"6739 Taylor Pass, Schenectady, NY 18156",wire_transfer,
310,45,"Willis, Glover and Long",2025-04-04 03:34:45,238.88,"6224 Amanda Streets, Brooklyn, NY 12401",p2p_transfer,
311,7,"Porter, Collins and Watkins",2025-04-04 03:37:24,388.75,"4795 Martin Key, Ithaca, NY 15560",p2p_transfer,
312,17,King PLC,2025-04-04 03:54:11,-95.94,"2573 Wilkerson Way, Yonkers, NY 17009",refund,
313,22,"Schaefer, Gregory and Watson",2025-04-04 04:03:22,302.64,"8222 Janice Glen, Niagara Falls, NY 10017",wire_transfer,
314,8,"Sanchez, Williams and Stevens",2025-04-04 04:03:54,258.34,"4055 Christopher Rapids, Bronx, NY 19915",purchase,
315,51,"Shea, Fernandez and Taylor",2025-04-04 04:38:02,340.45,"8315 Arnold Harbor, Crystalfort, VT 06974",p2p_transfer,
316,15,"Frederick, Bowen and Weiss",2025-04-04 05:27:12,100.29,"2663 Hughes Camp, White Plains, NY 17069",purchase,
317,22,Rivera-Wise,2025-04-04 05:43:44,50.99,"7964 Roberto Center, Yonkers, NY 15805",bill_payment,
318,29,Long-Moore,2025-04-04 05:57:48,251.19,"7047 Michael Track, Queens, NY 10764",p2p_transfer,
319,36,"Woodard, Silva and Wright",2025-04-04 06:18:51,452.22,"4478 Soto Brook, Syracuse, NY 19128",bill_payment,
320,54,Welch-Garrett,2025-04-04 06:53:53,-221.79,"4499 Mary Drive, Albany, NY 19368",refund,
321,43,Bates Ltd,2025-04-04 07:04:25,487.14,"8881 Briggs Fall, Staten Island, NY 12146",bill_payment,
322,19,Norris-Campos,2025-04-04 07:04:56,-110.19,"2124 Peterson Well, Queens, NY 13547",refund,
323,33,"Harper, Randolph and Thompson",2025-04-04 07:25:13,40.71,"4348 Daniel Village, Niagara Falls, NY 11475",purchase,
324,43,"Chung, Bell and Perkins",2025-04-04 07:27:10,268.28,"6586 Heath Trace, Yonkers, NY 13216",purchase,
325,48,Baker-Murphy,2025-04-04 08:08:21,352.55,"1434 Linda Crescent, Syracuse, NY 15162",p2p_transfer,
326,2,"Santos, Bolton and Smith",2025-04-04 08:23:27,122.06,"7 Diane Ville, New York, NY 14073",bill_payment,
327,11,Miller-Marshall,2025-04-04 08:43:06,182.79,"4974 Pitts Locks, Utica, NY 14678",p2p_transfer,
328,18,Mcfarland-Silva,2025-04-04 08:45:22,133.52,"651 Debra Radial, Bronx, NY 17360",p2p_transfer,
329,27,Williams Ltd,2025-04-04 08:47:41,274.82,"7234 Green Oval, Buffalo, NY 10935",purchase,
330,1,"Hardy, Blair and Rivera",2025-04-04 08:53:49,197.15,"4619 Timothy Estates, Yonkers, NY 19791",atm_withdrawal,
331,45,"Barton, Warner and Kelly",2025-04-04 09:01:29,170.46,"1734 Makayla Islands, New York, NY 17407",p2p_transfer,
332,34,Nichols-Rodriguez,2025-04-04 09:11:00,-371.98,"7640 Barrett Stravenue, Troy, NY 16901",refund,
333,23,Burke Ltd,2025-04-04 09:31:04,15.04,"9039 Richard Knoll, Schenectady, NY 15424",purchase,
334,45,Bridges-Copeland,2025-04-04 09:35:36,291.78,"3994 Joshua Forks, Niagara Falls, NY 19112",wire_transfer,
335,53,"Harris, Mclean and Baker",2025-04-04 10:04:00,-110.98,"1734 Reynolds Trace, Ithaca, NY 13588",refund,
336,39,Parsons PLC,2025-04-04 10:10:07,223.2,"213 Marks Camp, Staten Island, NY 19886",wire_transfer,
337,10,Harrison Inc,2025-04-04 10:30:50,-485.05,"1584 Arnold Fort, Niagara Falls, NY 10697",refund,
338,31,"Ortiz, Evans and Lewis",2025-04-04 10:43:29,239.16,"641 Alyssa Vista, Staten Island, NY 11594",p2p_transfer,
339,44,David-Harrell,2025-04-04 10:49:44,50.71,"7546 Selena Gateway, Niagara Falls, NY 16580",atm_withdrawal,
340,60,"Wong, Garcia and Higgins",2025-04-04 11:10:12,-231.17,"4776 Park Passage, Brooklyn, NY 18359",refund,
341,2,Williams-Mitchell,2025-04-04 11:20:16,454.32,"4416 Anderson Oval, Rochester, NY 10195",bill_payment,
342,21,Thomas-Morris,2025-04-04 11:33:45,138.32,"4178 Kayla Tunnel, Albany, NY 16806",atm_withdrawal,
343,46,"Scott, Hopkins and Vasquez",2025-04-04 12:12:39,205.06,"521 Gutierrez Burgs, Ithaca, NY 19504",p2p_transfer,
344,60,Spencer LLC,2025-04-04 12:13:06,463.8,"1521 Kathleen Fields, Rochester, NY 19570",bill_payment,
345,26,Proctor Group,2025-04-04 12:14:28,-31.31,"4522 Kimberly Fields, Cheektowaga, NY 13781",refund,
346,36,Franklin-Hendricks,2025-04-04 13:06:44,186.58,"3877 Miller Cliff, Niagara Falls, NY 18867",purchase,
347,37,Gibson-Oconnor,2025-04-04 13:21:10,106.82,"448 Trevor Light, Cheektowaga, NY 19323",p2p_transfer,
348,33,"Hart, Hall and Ford",2025-04-04 13:32:05,442.2,"8499 Parker Walks, Cheektowaga, NY 16063",atm_withdrawal,
349,15,Franklin LLC,2025-04-04 13:36:10,126.47,"7762 Mcdonald Burgs, Binghamton, NY 18333",p2p_transfer,
350,6,Schultz Inc,2025-04-04 13:39:24,254.34,"3815 Bautista Fields, Brooklyn, NY 14223",purchase,
351,57,Leblanc Ltd,2025-04-04 13:58:25,126.37,"4636 Morales Passage, White Plains, NY 15050",wire_transfer,
352,34,Smith-Morales,2025-04-04 14:36:58,100.32,"318 Cox Isle, Schenectady, NY 11925",atm_withdrawal,
353,28,Johnson-Copeland,2025-04-04 15:43:07,451.05,"7063 Alexander Ridge, Albany, NY 19204",bill_payment,
354,51,Hutchinson PLC,2025-04-04 15:49:18,412.81,"4062 Davis Islands, Cheektowaga, NY 14210",p2p_transfer,
355,5,"Miller, Montoya and Lyons",2025-04-04 16:15:36,298.93,"2127 Taylor Springs, Utica, NY 10113",p2p_transfer,
356,57,Holland-Parker,2025-04-04 16:17:27,275.17,"1778 Robert Mission, Utica, NY 17789",wire_transfer,
357,36,"Wallace, Clark and Bates",2025-04-04 16:22:46,-308.12,"2976 Victoria View, Saraland, NJ 05357",refund,
358,52,Robertson-Gibson,2025-04-04 16:22:55,168.41,"8461 Mark Loop, Utica, NY 19547",atm_withdrawal,
359,52,Sims Group,2025-04-04 16:29:00,215.58,"5874 Megan Ramp, Bronx, NY 18141",purchase,
360,43,Ford-Evans,2025-04-04 16:29:45,455.66,"9683 Rachel Groves, Binghamton, NY 10510",p2p_transfer,
361,33,Tucker Group,2025-04-04 16:36:44,276.68,"2591 Brittany Estate, Brooklyn, NY 18739",wire_transfer,
362,1,"Goodwin, Hale and Tran",2025-04-04 16:46:04,99.9,"9854 Smith Rapid, Binghamton, NY 16116",purchase,
363,36,Vaughn-Henderson,2025-04-04 16:46:35,492.0,"2035 Jeffery Village, Queens, NY 12819",p2p_transfer,
364,56,"Palmer, Davis and Gutierrez",2025-04-04 16:49:33,361.21,"7962 Hernandez Mission, Albany, NY 17895",bill_payment,
365,8,Vargas Ltd,2025-04-04 16:57:56,72.32,"3312 Michael Club, Troy, NY 16849",bill_payment,
366,32,Davis-Riley,2025-04-04 17:01:52,239.79,"9490 Hill Rue, Binghamton, NY 12450",p2p_transfer,
367,4,White-Long,2025-04-04 17:34:41,341.04,"2405 Hobbs Trail, Niagara Falls, NY 19594",p2p_transfer,
368,3,"Smith, Wallace and Stevenson",2025-04-04 17:56:16,439.32,"9942 Fisher Row, Cheektowaga, NY 16282",bill_payment,
369,31,"Ross, Cooper and Everett",2025-04-04 18:04:13,360.41,"6945 Young Causeway, Stevechester, FL 31117",wire_transfer,
370,48,"Rodriguez, Young and Stephens",2025-04-04 18:18:29,326.02,"9316 Olsen Ports, Binghamton, NY 17622",wire_transfer,
371,1,"Davidson, Greer and Wilson",2025-04-04 18:21:14,59.6,"1919 Collins Harbors, Cheektowaga, NY 19469",wire_transfer,
372,47,"Smith, Evans and Diaz",2025-04-04 18:28:23,146.89,"8372 Blevins Route, Binghamton, NY 10297",wire_transfer,
373,60,"Bell, Palmer and Alexander",2025-04-04 18:35:42,301.32,"7155 Emily Flat, Yonkers, NY 13982",bill_payment,
374,5,"Schwartz, Floyd and Clark",2025-04-04 18:48:47,81.97,"6954 Best Union, South Aaron, NJ 07743",p2p_transfer,
375,46,Hamilton-Ruiz,2025-04-04 18:50:32,-178.46,"3576 Blackwell Summit, North Christineview, MA 07165",refund,
376,5,Summers-Floyd,2025-04-04 18:54:18,-352.41,"8303 Samuel Route, Ithaca, NY 10144",refund,
377,43,Taylor PLC,2025-04-04 19:06:16,156.61,"3493 Vargas Point, Syracuse, NY 15594",purchase,
378,27,Owen PLC,2025-04-04 19:27:13,211.02,"5228 Lisa Drive, Staten Island, NY 10431",bill_payment,
379,14,"Lucas, Lambert and Henderson",2025-04-04 19:34:34,299.92,"6651 Benjamin Plain, Yonkers, NY 19572",p2p_transfer,
380,22,Sheppard PLC,2025-04-04 19:41:29,312.32,"9411 Daniel Expressway, Troy, NY 19123",p2p_transfer,
381,32,"Greene, Scott and Taylor",2025-04-04 20:04:12,233.87,"6554 Santana Spurs, Utica, NY 13231",p2p_transfer,
382,15,Aguilar-Luna,2025-04-04 20:26:59,78.47,"9485 Watson Manors, New York, NY 11443",atm_withdrawal,
383,43,Jackson Inc,2025-04-04 20:28:33,38.24,"5036 Suarez Knoll, Syracuse, NY 15237",atm_withdrawal,
384,18,Wagner-Schmidt,2025-04-04 20:29:37,302.24,"6864 Hammond Crossroad, Ithaca, NY 14866",wire_transfer,
385,60,Hill-Nguyen,2025-04-04 20:34:48,181.35,"882 Thomas Park, New York, NY 13102",atm_withdrawal,
386,9,"Page, Wiggins and Hubbard",2025-04-04 20:46:52,92.25,"5359 Shannon Villages, Yonkers, NY 19505",wire_transfer,
387,26,Wright-Sandoval,2025-04-04 20:48:08,342.12,"3615 Ibarra Plains, New Angelaside, MA 06809",wire_transfer,
388,41,Martin Inc,2025-04-04 20:57:04,177.24,"8377 Chelsea Dam, Ithaca, NY 18245",purchase,
389,47,"Rios, Oneal and Sanchez",2025-04-04 21:06:30,139.59,"1058 Deborah Mountain, Syracuse, NY 13629",atm_withdrawal,
390,59,Pineda LLC,2025-04-04 21:25:08,10.47,"2002 Ross Glen, Binghamton, NY 13289",purchase,
391,47,Rose-Estrada,2025-04-04 21:32:43,196.73,"3211 Garza Fords, Buffalo, NY 15245",atm_withdrawal,
392,48,Sloan-Lopez,2025-04-04 21:35:10,8.55,"8627 David Stream, Thomastown, VT 08510",purchase,
393,3,"Wallace, Sheppard and Parsons",2025-04-04 21:49:07,-82.3,"970 Cantrell River, Buffalo, NY 14187",refund,
394,46,Stone-Lin,2025-04-04 22:02:54,438.89,"9322 Tran Mountains, Binghamton, NY 10208",p2p_transfer,
395,9,Fry-Cameron,2025-04-04 22:24:32,114.26,"5592 Natasha Fort, Schenectady, NY 11865",purchase,
396,59,Pineda LLC,2025-04-04 22:25:08,-10.47,"2002 Ross Glen, Binghamton, NY 13289",cancellation,390
397,7,Smith PLC,2025-04-04 22:27:05,210.54,"5288 Bridges Rue, Cheektowaga, NY 19417",purchase,
398,38,Aguirre PLC,2025-04-04 22:31:48,53.87,"3536 Blair Grove, Queens, NY 10313",p2p_transfer,
399,6,"Patel, Smith and Fox",2025-04-04 22:52:18,37.34,"5465 Hendrix Viaduct, Rochester, NY 17112",purchase,
400,9,"Moore, Moore and Williams",2025-04-04 23:12:09,236.92,"6924 Jeffrey Junction, White Plains, NY 12583",bill_payment,
401,42,Sexton-Jordan,2025-04-04 23:18:48,206.91,"4587 Angel Streets, New Rebeccachester, FL 35373",purchase,
402,22,"Coleman, Bailey and Brown",2025-04-04 23:35:25,898.05,"3848 Sean Land, Buffalo, NY 19516",atm_withdrawal,
403,52,Prince and Sons,2025-04-04 23:37:56,346.21,"7658 Kenneth Tunnel, North Todd, TX 70095",p2p_transfer,
