transaction_id,card_id,merchant_name,timestamp,amount,location,transaction_type,related_transaction_id,status,pending_balance
1,7,"Harris, Delacruz and Fuller",2025-04-01T01:00:12,312.76,"1116 Jones Circle, Troy, NY 15814",p2p_transfer,,approved,705.92
2,25,"Gonzalez, Allison and Willis",2025-04-01T01:15:29,-325.71,"9935 Yang Knolls, Niagara Falls, NY 17579",refund,,approved,21.45
3,26,"Bennett, Hess and Heath",2025-04-01T01:35:12,-355.44,"3370 Schmidt Knolls, Schenectady, NY 16722",refund,,approved,-281.53
4,1,Nguyen and Sons,2025-04-01T01:39:44,154.63,"6807 Williams Ports, Brooklyn, NY 17529",p2p_transfer,,approved,241.7
5,38,"Miller, Rich and Thomas",2025-04-01T01:55:43,372.9,"8295 Andrew Rest, Queens, NY 14074",bill_payment,,approved,524.57
6,53,Mendez and Sons,2025-04-01T02:08:22,29.17,"587 Singh Square, Ithaca, NY 12215",atm_withdrawal,,approved,2417.08
7,23,Weber-Robinson,2025-04-01T02:22:47,238.97,"5522 Mcdaniel Branch, Rochester, NY 14072",p2p_transfer,,approved,332.44
8,23,"White, Mitchell and Ross",2025-04-01T03:02:56,382.3,"9173 Yvette Cliffs, Syracuse, NY 11768",p2p_transfer,,approved,714.74
9,22,Phillips LLC,2025-04-01T03:17:10,222.45,"864 Matthews Skyway, Syracuse, NY 17232",purchase,,approved,3535.74
10,28,Shepard PLC,2025-04-01T03:18:22,123.23,"2104 Desiree Manor, Albany, NY 19621",wire_transfer,,approved,634.33
11,57,"Bell, Forbes and Johnson",2025-04-01T03:26:12,270.87,"5631 Gary Plains, Schenectady, NY 14334",wire_transfer,,approved,599.91
12,25,"Pope, Trujillo and Vazquez",2025-04-01T03:29:10,406.43,"4738 Natasha Harbor, Schenectady, NY 14772",bill_payment,,approved,427.88
13,21,Martinez-Rodriguez,2025-04-01T03:36:43,283.58,"1289 Tiffany Lake, Albany, NY 13307",wire_transfer,,approved,468.93
14,47,Welch and Sons,2025-04-01T03:41:24,480.33,"4982 Hamilton Grove, Troy, NY 15621",bill_payment,,approved,859.33
15,30,Burgess-Gibson,2025-04-01T03:44:56,58.83,"788 Nelson Stravenue, Brooklyn, NY 10745",atm_withdrawal,,approved,1668.62
16,33,Castaneda PLC,2025-04-01T03:50:48,168.8,"7376 Todd Mews, Albany, NY 12201",p2p_transfer,,approved,182.17
17,10,Mcgee Inc,2025-04-01T04:19:00,270.12,"8745 Andrews Stravenue, White Plains, NY 19358",purchase,,approved,475.13
18,26,Gallagher-Taylor,2025-04-01T04:33:42,462.42,"7478 Trevor Plains, White Plains, NY 14942",p2p_transfer,,approved,180.89
19,7,Perez-Huynh,2025-04-01T04:51:16,96.96,"7155 Watkins Prairie, Rochester, NY 19274",atm_withdrawal,,approved,802.88
20,28,Lyons-Bond,2025-04-01T04:51:54,175.06,"3934 Phillip Heights, Queens, NY 19376",purchase,,approved,809.39
21,20,"Peterson, Brown and Castaneda",2025-04-01T05:02:24,206.83,"2859 Walker Glen, Cheektowaga, NY 15770",wire_transfer,,approved,258.38
22,48,Taylor-Howard,2025-04-01T05:12:18,-252.01,"6380 Hurley Coves, Syracuse, NY 12669",refund,,approved,2242.08
23,2,Martin Inc,2025-04-01T05:12:25,109.41,"4391 Cunningham Street, Albany, NY 18647",p2p_transfer,,approved,540.31
24,24,"Davis, Johnson and Martinez",2025-04-01T05:33:18,150.44,"9171 Aaron Well, Staten Island, NY 14267",atm_withdrawal,,approved,2870.63
25,23,"Mitchell, Lowe and Figueroa",2025-04-01T05:46:21,-355.2,"8617 Mendoza Parkways, Buffalo, NY 19621",refund,,approved,359.54
26,4,"Franco, Schneider and Henry",2025-04-01T05:59:37,126.04,"592 Scott Hills, Schenectady, NY 18752",purchase,,approved,857.18
27,55,"Fleming, George and Novak",2025-04-01T06:00:21,-423.08,"7216 John Corners, Albany, NY 17476",refund,,approved,-175.13
28,38,Smith Inc,2025-04-01T06:01:49,345.16,"8577 Megan Forges, Syracuse, NY 14905",bill_payment,,approved,869.73
29,39,"Nelson, Mason and Allen",2025-04-01T06:05:01,-161.42,"1865 Henry Fields, White Plains, NY 15965",refund,,approved,4243.74
30,22,Hill LLC,2025-04-01T06:15:20,6772.05,"143 Wells Ford, Buffalo, NY 16979",bill_payment,,approved,10307.79
31,26,"Peck, Castro and Pope",2025-04-01T06:21:38,84.23,"231 Michael Crest, Rochester, NY 14779",bill_payment,,approved,265.12
32,22,"Johnson, Griffith and Matthews",2025-04-01T06:22:50,204.29,"9101 Moore Roads, Ithaca, NY 16518",wire_transfer,,approved,10512.08
33,16,Dunn PLC,2025-04-01T06:30:21,188.2,"2053 Dixon Mountains, Queens, NY 16246",p2p_transfer,,approved,362.53
34,13,"Cortez, Stout and Harrison",2025-04-01T06:33:49,-93.28,"4327 Mcclure Valley, Binghamton, NY 19606",refund,,approved,-68.03
35,47,"Khan, Duran and Barry",2025-04-01T06:49:52,309.95,"5598 Emma Court, Ithaca, NY 10435",wire_transfer,,approved,1169.28
36,52,Smith-Armstrong,2025-04-01T06:52:53,-388.77,"5006 Barnes Harbor, Bronx, NY 14283",refund,,approved,789.81
37,60,Evans Inc,2025-04-01T06:54:40,233.75,"305 Evans Radial, Buffalo, NY 15226",bill_payment,,approved,295.28
38,10,Jennings Inc,2025-04-01T06:55:21,-295.34,"7839 Holt Parkway, Albany, NY 14924",refund,,approved,179.79
39,30,Ortiz Group,2025-04-01T07:12:58,213.36,"1334 Willie Drive, Binghamton, NY 15139",bill_payment,,approved,1881.98
40,24,"Mcconnell, Ponce and Powell",2025-04-01T07:31:31,156.31,"9267 Contreras River, Troy, NY 16518",p2p_transfer,,approved,3026.94
41,58,Long-Foster,2025-04-01T07:33:16,-301.4,"5580 Olivia Curve, Rochester, NY 13542",refund,,approved,-298.51
42,52,Richardson-Davis,2025-04-01T07:40:13,439.47,"4089 Murray Canyon, Binghamton, NY 15624",wire_transfer,,approved,1229.28
43,38,"Wiley, Powell and Smith",2025-04-01T07:45:41,115.81,"8117 Gill Orchard, Erikaborough, IL 66194",atm_withdrawal,,approved,985.54
44,36,Choi PLC,2025-04-01T08:18:21,93.33,"8725 Robinson Oval, Niagara Falls, NY 18210",p2p_transfer,,approved,2885.78
45,13,Smith-Keith,2025-04-01T08:19:50,409.68,"168 Wong Port, Binghamton, NY 12806",wire_transfer,,approved,341.65
46,8,Moss-Williams,2025-04-01T08:32:24,201.7,"7669 Mcdaniel Lane, Syracuse, NY 12836",purchase,,approved,266.71
47,30,Hall-Hernandez,2025-04-01T08:35:46,196.34,"1369 Sarah Port, Brooklyn, NY 17949",atm_withdrawal,,approved,2078.32
48,40,Le PLC,2025-04-01T09:02:10,389.8,"6392 Adam Plains, Bronx, NY 14715",bill_payment,,approved,1872.67
49,49,"Mahoney, Ross and Clayton",2025-04-01T09:07:44,353.54,"5625 Burnett Islands, New York, NY 11336",wire_transfer,,approved,393.38
50,12,"Acosta, Fernandez and Sanchez",2025-04-01T09:11:32,168.35,"2055 Kenneth Island, Albany, NY 15685",atm_withdrawal,,approved,195.56
51,42,"Miller, Wells and Andrews",2025-04-01T09:13:55,-60.43,"1493 Brennan Union, New York, NY 19077",refund,,approved,-29.33
52,48,Palmer and Sons,2025-04-01T09:23:11,-63.56,"2067 Matthew Bridge, White Plains, NY 11469",refund,,approved,2178.52
53,33,Reese Group,2025-04-01T09:24:29,404.35,"7597 Donovan Curve, White Plains, NY 19978",wire_transfer,,approved,586.52
54,49,Phillips PLC,2025-04-01T09:33:42,-80.1,"1265 Kline Landing, Cheektowaga, NY 11966",refund,,approved,313.28
55,29,Jensen Group,2025-04-01T09:42:21,37.86,"5661 Lisa Way, Yonkers, NY 15322",atm_withdrawal,,approved,256.01
56,47,Smith Inc,2025-04-01T09:52:56,311.8,"2481 Key Forest, New York, NY 18077",bill_payment,,approved,1481.08
57,14,Aguilar-Taylor,2025-04-01T10:00:52,38.26,"2930 Elizabeth Village, Niagara Falls, NY 11594",atm_withdrawal,,approved,979.6
58,54,Herring-Vaughn,2025-04-01T10:06:17,-308.09,"8766 Barber Villages, Troy, NY 14152",refund,,approved,-229.37
59,26,Mcguire-Burns,2025-04-01T10:23:18,81.29,"6177 Garcia Isle, Utica, NY 19161",p2p_transfer,,approved,346.41
60,16,Valenzuela Inc,2025-04-01T10:36:18,190.79,"2245 Brown Camp, Yonkers, NY 13386",atm_withdrawal,,approved,553.32
61,45,Donovan-Phillips,2025-04-01T10:38:36,-177.37,"3926 Morris Extension, Queens, NY 13461",refund,,approved,116.25
62,36,Griffin-Lambert,2025-04-01T10:50:18,436.03,"2240 Nathaniel Ville, Brooklyn, NY 11276",bill_payment,,approved,3321.81
63,43,"May, Murphy and Davis",2025-04-01T10:58:32,99.49,"4061 James Knoll, Binghamton, NY 15521",purchase,,approved,355.54
64,30,"Collins, Wiley and Porter",2025-04-01T11:06:34,134.78,"9691 Nelson Common, Schenectady, NY 14905",wire_transfer,,approved,2213.1
65,43,Tate Ltd,2025-04-01T11:26:26,140.18,"456 Wood Rest, Yonkers, NY 19118",p2p_transfer,,approved,495.72
66,59,Richmond-Simon,2025-04-01T12:11:35,121.73,"2737 Erin Extension, Syracuse, NY 15036",atm_withdrawal,,approved,277.56
67,14,Schroeder and Sons,2025-04-01T13:09:52,33.55,"3986 Henderson Burgs, Queens, NY 14978",atm_withdrawal,,approved,1013.15
68,52,"Snyder, Porter and Donovan",2025-04-01T13:12:53,161.49,"3904 Jesse Ramp, Syracuse, NY 17619",purchase,,approved,1390.77
69,41,"Jackson, Martinez and Sanders",2025-04-01T13:13:52,162.92,"5025 Janet Greens, Queens, NY 11721",wire_transfer,,approved,175.73
70,38,Hodge-Perez,2025-04-01T13:18:01,64.09,"9566 Cobb Summit, Rochester, NY 13012",atm_withdrawal,,approved,1049.63
71,22,"Solomon, Hodge and Mckinney",2025-04-01T13:31:21,398.11,"9837 Tracey Plains, East Devin, IL 61309",p2p_transfer,,approved,10910.19
72,7,Ortega-Olson,2025-04-01T13:49:56,471.84,"371 Escobar Plains, Bronx, NY 16723",bill_payment,,approved,1274.72
73,22,Gibbs-Graham,2025-04-01T13:58:35,117.18,"5341 Dixon Knolls, White Plains, NY 19819",purchase,,approved,11027.37
74,3,Mitchell-Haley,2025-04-01T14:51:17,110.58,"2490 Sullivan Trail, Rochester, NY 19820",wire_transfer,,approved,1473.92
75,42,Coleman-Moore,2025-04-01T14:53:29,-170.55,"8674 Philip Ville, Troy, NY 12760",refund,,approved,-199.88
76,29,"Davis, Hays and Wilson",2025-04-01T15:04:39,1095.3,"3921 Fowler Green, White Plains, NY 11863",purchase,,approved,1351.31
77,35,Vaughn and Sons,2025-04-01T15:15:01,320.94,"1581 Keller Lodge, Yonkers, NY 14257",wire_transfer,,approved,437.04
79,44,"Romero, Wagner and Pineda",2025-04-01T16:01:32,-498.15,"5668 Christopher Centers, Queens, NY 13980",refund,,approved,-115.16
80,3,"Randall, Owen and Vega",2025-04-01T16:01:50,119.68,"8173 Bryan Common, Schenectady, NY 15179",atm_withdrawal,,approved,1593.6
81,51,"Smith, Lewis and May",2025-04-01T16:04:09,179.22,"3238 Breanna Lake, Syracuse, NY 16121",purchase,,approved,218.78
82,5,"English, Chang and Williams",2025-04-01T16:05:46,253.13,"2299 Sawyer Dam, Syracuse, NY 13665",purchase,,approved,864.1
83,36,Schaefer-Ray,2025-04-01T16:35:44,154.64,"8196 Tiffany Lights, Niagara Falls, NY 12481",wire_transfer,,approved,3476.45
84,1,"Dunlap, Owens and Wells",2025-04-01T16:37:32,253.94,"7203 Julia Court, Syracuse, NY 13060",p2p_transfer,,approved,495.64
85,34,Hayes-Brown,2025-04-01T17:27:16,215.66,"5677 Fisher Road, Troy, NY 10503",p2p_transfer,,approved,458.83
86,24,Williamson-Short,2025-04-01T17:27:44,20.81,"5092 Samantha Lodge, Binghamton, NY 13286",purchase,,approved,3047.75
87,9,Donovan-Rose,2025-04-01T17:41:19,219.15,"4172 Aguirre Mall, Syracuse, NY 19612",wire_transfer,,approved,1351.63
88,59,Bennett Inc,2025-04-01T17:41:47,299.04,"6888 Ashlee Light, Loveview, PA 18675",purchase,,approved,576.6
89,29,Romero-Bryan,2025-04-01T17:58:45,317.3,"3279 Phelps Place, Niagara Falls, NY 10461",bill_payment,,approved,1668.61
90,14,"Wallace, Davis and Henry",2025-04-01T18:09:07,-426.65,"9391 Phillips Glens, New York, NY 10405",refund,,approved,586.5
91,49,Smith Group,2025-04-01T18:19:52,57.5,"3122 Whitney Hill, Ithaca, NY 15542",purchase,,approved,370.78
92,43,King-Lawson,2025-04-01T18:33:50,103.91,"8901 Gomez Knolls, Albany, NY 15736",wire_transfer,,approved,599.63
93,22,Stewart-Armstrong,2025-04-01T18:42:19,405.43,"1267 Maria Wells, Albany, NY 14594",bill_payment,,approved,11432.8
94,58,"Jacobs, Myers and Beasley",2025-04-01T18:51:56,208.9,"480 Justin Street, Ithaca, NY 18766",purchase,,approved,-89.61
95,52,Miller-Mckay,2025-04-01T19:04:38,208.3,"6607 Green Radial, Utica, NY 15613",purchase,,approved,1599.07
96,57,"Kent, Hester and Morris",2025-04-01T19:07:09,296.71,"9970 Jennifer Wells, Queens, NY 18526",bill_payment,,approved,896.62
97,9,Clark-Sweeney,2025-04-01T19:07:18,307.44,"4457 Christopher Mountains, Brooklyn, NY 16112",p2p_transfer,,approved,1659.07
98,5,Payne LLC,2025-04-01T19:19:51,410.42,"9561 Bradshaw Run, Yonkers, NY 15550",p2p_transfer,,approved,1274.52
99,10,"Reese, Larson and Bartlett",2025-04-01T19:26:06,-367.92,"8171 Larry Corner, White Plains, NY 16799",refund,,approved,-188.13
100,35,"Young, Carroll and Gomez",2025-04-01T19:34:06,-64.46,"4481 Brown Loaf, Buffalo, NY 14216",refund,,approved,372.58
101,55,"Thompson, Welch and Rogers",2025-04-01T19:34:38,20.51,"5416 Lauren Well, White Plains, NY 11227",atm_withdrawal,,approved,-154.62
102,29,Thomas-Warner,2025-04-01T19:40:33,344.41,"3653 Black Isle, Staten Island, NY 17395",wire_transfer,,approved,2013.02
103,28,Hodge-James,2025-04-01T19:59:41,309.42,"7387 Vasquez Lake, Niagara Falls, NY 17226",p2p_transfer,,approved,1118.81
104,29,Russell Group,2025-04-01T20:08:57,-475.36,"9229 Rodriguez Park, Buffalo, NY 15936",refund,,approved,1537.66
105,22,"Carroll, Watson and Casey",2025-04-01T20:10:19,248.68,"6812 Buchanan Ramp, Ithaca, NY 19249",p2p_transfer,,approved,11681.48
107,3,Smith-Richardson,2025-04-01T20:27:31,85.94,"8907 Scott Vista, Schenectady, NY 18402",wire_transfer,,approved,1679.54
108,13,Weeks-Anderson,2025-04-01T20:32:39,348.73,"9704 Booker Track, Ithaca, NY 13278",p2p_transfer,,approved,690.38
109,24,Dawson LLC,2025-04-01T20:35:25,494.52,"5602 Bell Passage, West Matthewside, CA 92278",p2p_transfer,,approved,3542.27
110,30,Anderson LLC,2025-04-01T20:36:20,309.54,"7596 Miller Lodge, Syracuse, NY 16494",p2p_transfer,,approved,2522.64
111,42,"Fowler, Scott and Blackwell",2025-04-01T20:49:26,-181.51,"7408 King Knolls, Bronx, NY 19693",refund,,approved,-381.39
112,34,Bradley-Wilson,2025-04-01T20:59:52,231.99,"6751 Chelsea Hills, Brooklyn, NY 19235",bill_payment,,approved,690.82
114,54,"Bryant, Johnson and Mueller",2025-04-01T21:36:38,81.13,"6711 Jonathan Village, Troy, NY 14939",wire_transfer,,approved,-148.24
116,6,"Herrera, Hernandez and Acosta",2025-04-01T21:59:53,491.3,"6731 Davidson Station, Schenectady, NY 19908",wire_transfer,,approved,904.8
117,15,Castro Ltd,2025-04-01T22:05:07,158.2,"9416 Ariel Mission, Niagara Falls, NY 12489",purchase,,approved,291.58
118,6,"Price, Olson and Roberts",2025-04-01T22:19:14,134.53,"7399 Anderson Orchard, Lisaside, IL 60433",p2p_transfer,,approved,1039.33
119,9,"Kline, Clark and Henry",2025-04-01T22:43:50,373.39,"8637 Russell Lake, Bronx, NY 10790",p2p_transfer,,approved,2032.46
120,40,"Park, Cameron and Trevino",2025-04-01T22:53:23,250.85,"1683 Mckenzie Springs, New York, NY 13668",p2p_transfer,,approved,2123.52
121,20,"Johnson, Sloan and Cortez",2025-04-01T23:05:43,458.03,"2115 Brown Summit, Schenectady, NY 18595",p2p_transfer,,approved,716.41
122,28,Joseph-Wood,2025-04-01T23:11:46,122.18,"6126 Williamson Ridges, White Plains, NY 14090",atm_withdrawal,,approved,1240.99
123,3,"Reynolds, Manning and Long",2025-04-01T23:27:08,234.75,"9194 Parrish Hills, New York, NY 19231",wire_transfer,,approved,1914.29
124,53,Baker Ltd,2025-04-01T23:40:51,23.12,"4264 Amanda Centers, Troy, NY 19721",atm_withdrawal,,approved,2440.2
125,58,Moss Group,2025-04-01T23:53:53,244.09,"5559 Miller Forks, Utica, NY 10920",bill_payment,,approved,154.48
126,59,Juarez-Church,2025-04-02T01:15:49,465.51,"7489 Andrew Locks, Brooklyn, NY 16061",bill_payment,,approved,1042.11
127,36,Stewart-Lewis,2025-04-02T01:16:36,212.66,"3782 Shaun Harbors, Schenectady, NY 16692",purchase,,approved,3689.11
128,55,Coffey-Clark,2025-04-02T01:20:27,180.97,"8881 Craig View, Staten Island, NY 13777",p2p_transfer,,approved,26.35
129,31,"Gill, Morales and Hurst",2025-04-02T01:22:17,1996.65,"9476 Kristen Spurs, Niagara Falls, NY 19396",purchase,,approved,4216.16
130,32,"Allen, Patterson and Wheeler",2025-04-02T01:25:48,136.83,"7809 Palmer Passage, White Plains, NY 14353",bill_payment,,approved,1405.81
131,22,Ho Group,2025-04-02T01:39:35,50.09,"1315 Cortez Drive, Buffalo, NY 14503",purchase,,approved,11731.57
132,28,"Sloan, Reed and Murphy",2025-04-02T01:48:51,158.0,"4195 Kristen Pine, Bronx, NY 13344",atm_withdrawal,,approved,1398.99
133,8,"Powell, Cole and Clark",2025-04-02T01:51:59,394.56,"409 Randy Place, South Jacob, IL 62322",wire_transfer,,approved,661.27
134,55,"Alvarez, Taylor and Graham",2025-04-02T01:57:38,149.28,"3043 Greene Street, White Plains, NY 14897",purchase,,approved,175.63
135,46,"Singh, Martin and Brown",2025-04-02T02:07:51,366.83,"9136 Smith Inlet, Ithaca, NY 16940",bill_payment,,approved,930.95
136,56,Jones and Sons,2025-04-02T02:22:11,410.33,"5307 Lee Harbor, Syracuse, NY 16591",bill_payment,,approved,682.76
137,37,"Williams, Fitzgerald and Cardenas",2025-04-02T02:26:03,118.2,"4493 Rangel Corners, Rochester, NY 14384",atm_withdrawal,,approved,1643.26
138,30,"Knight, Schmidt and Stanley",2025-04-02T02:27:22,59.41,"8027 Fischer Springs, New York, NY 16678",p2p_transfer,,approved,2582.05
139,32,Chapman-Williams,2025-04-02T02:55:09,80.05,"1013 Ramos Divide, Rochester, NY 19236",purchase,,approved,1485.86
140,48,Olson-Brewer,2025-04-02T02:59:31,61.05,"9540 Sanchez Creek, Albany, NY 17417",purchase,,approved,2239.57
141,36,Knight Group,2025-04-02T03:11:42,84.71,"644 Nancy Loaf, Rochester, NY 15897",atm_withdrawal,,approved,3773.82
142,48,"Baird, Phillips and Martin",2025-04-02T03:12:51,130.55,"448 Brianna Highway, Edwardsside, CT 09149",atm_withdrawal,,approved,2370.12
143,36,Arroyo LLC,2025-04-02T03:18:19,108.59,"6271 Vasquez Meadow, New York, NY 11403",atm_withdrawal,,approved,3882.41
144,51,Stewart-Bridges,2025-04-02T03:26:23,105.36,"1053 Phillips Extensions, Albany, NY 13415",purchase,,approved,324.14
145,60,"Dudley, Graham and Smith",2025-04-02T03:44:10,163.01,"5981 Chung Mountains, Utica, NY 12345",bill_payment,,approved,458.29
146,51,Mayo-Rodriguez,2025-04-02T03:51:04,412.88,"8994 Mitchell Ville, Bronx, NY 19318",wire_transfer,,approved,737.02
147,26,Griffith Inc,2025-04-02T03:55:28,76.71,"7042 James Creek, Yonkers, NY 18801",atm_withdrawal,,approved,423.12
148,45,Roberts and Sons,2025-04-02T04:10:18,204.11,"7754 Christopher Field, Buffalo, NY 10530",bill_payment,,approved,320.36
149,46,Johnson-Richardson,2025-04-02T04:18:47,187.85,"7752 Wilson Dale, Utica, NY 16389",wire_transfer,,approved,1118.8
150,45,Baker-Robinson,2025-04-02T04:26:46,377.07,"6167 Jones Vista, Queens, NY 18926",p2p_transfer,,approved,697.43
151,22,"Simmons, Bradshaw and Thompson",2025-04-02T04:33:38,334.0,"994 Gray Crossroad, Queens, NY 14456",bill_payment,,approved,12065.57
152,1,"Munoz, Mack and Mitchell",2025-04-02T05:00:48,27.22,"1667 Nelson Union, Ithaca, NY 10460",atm_withdrawal,,approved,522.86
154,30,Drake-Waters,2025-04-02T05:13:14,496.89,"5176 Brandon Mountain, Troy, NY 14401",p2p_transfer,,approved,3078.94
155,13,Hall-Brown,2025-04-02T05:34:56,189.24,"5435 Lopez Meadow, Cheektowaga, NY 13875",purchase,,approved,879.62
156,27,"Jenkins, Alvarado and Anthony",2025-04-02T05:42:49,245.65,"8765 Brandon Parks, Cheektowaga, NY 12228",bill_payment,,approved,255.15
157,20,Sanchez-King,2025-04-02T05:43:37,117.68,"6530 Williams Throughway, Troy, NY 10186",bill_payment,,approved,834.09
158,56,Becker Inc,2025-04-02T05:44:34,127.93,"9400 Jordan Fall, White Plains, NY 12217",atm_withdrawal,,approved,810.69
159,25,"Fritz, Valdez and Barker",2025-04-02T05:59:11,452.51,"5361 Steele Ferry, New York, NY 13567",wire_transfer,,approved,880.39
160,38,Stephens-Phillips,2025-04-02T06:30:11,-472.27,"1137 Joseph Lock, Staten Island, NY 14719",refund,,approved,577.36
161,56,Michael Ltd,2025-04-02T06:34:02,151.22,"8564 Taylor Mountains, Brooklyn, NY 16031",bill_payment,,approved,961.91
162,27,Perez Group,2025-04-02T07:03:19,135.23,"5988 Bowen Mission, Albany, NY 12090",atm_withdrawal,,approved,390.38
163,42,Hudson LLC,2025-04-02T07:06:42,235.53,"9458 Bryan Stream, Brooklyn, NY 18253",p2p_transfer,,approved,-145.86
164,25,Summers Inc,2025-04-02T07:13:40,214.59,"1343 Mclean Vista, Brooklyn, NY 12075",p2p_transfer,,approved,1094.98
165,3,Alvarez LLC,2025-04-02T07:22:54,97.18,"4129 Schwartz Corner, Cheektowaga, NY 14224",wire_transfer,,approved,2011.47
166,12,"King, Goodwin and Graham",2025-04-02T07:55:55,284.46,"3387 Nguyen Plaza, Brooklyn, NY 16976",p2p_transfer,,approved,480.02
167,41,"King, Lucas and Francis",2025-04-02T07:57:10,65.05,"7930 Tanner Ports, Queens, NY 19688",p2p_transfer,,approved,240.78
168,53,Lyons PLC,2025-04-02T08:08:33,199.0,"5079 Sherman Court, Buffalo, NY 14365",p2p_transfer,,approved,2639.2
169,54,"Boyd, Baker and Martinez",2025-04-02T08:12:14,179.7,"9976 Chapman Parkway, New York, NY 11098",atm_withdrawal,,approved,31.46
170,26,Hill Ltd,2025-04-02T08:20:31,182.52,"9613 Jennifer Pike, White Plains, NY 14901",bill_payment,,approved,605.64
171,43,Valencia-Alexander,2025-04-02T08:33:05,258.94,"7613 Andrew Tunnel, West Robertland, PA 16657",wire_transfer,,approved,858.57
172,3,"Haynes, Phillips and Jones",2025-04-02T09:15:42,63.74,"7315 William Rue, New York, NY 18161",p2p_transfer,,approved,2075.21
173,50,"Brown, Hall and Green",2025-04-02T09:19:12,-109.25,"4036 Christina Mountains, Troy, NY 15642",refund,,approved,66.11
174,30,Park Inc,2025-04-02T10:17:25,125.02,"994 Keith Branch, Brooklyn, NY 18054",bill_payment,,approved,3203.96
175,18,Hernandez-Clements,2025-04-02T10:30:19,190.94,"4488 Copeland Plaza, Utica, NY 13655",atm_withdrawal,,approved,206.13
177,49,"Brooks, Werner and Owens",2025-04-02T11:18:59,274.98,"6265 Darrell Drive, Rochester, NY 14867",purchase,,approved,645.76
178,49,"Willis, Hall and Wright",2025-04-02T11:24:36,371.67,"5784 Davis Manor, Syracuse, NY 14617",wire_transfer,,approved,1017.43
179,32,Rivera-Hurst,2025-04-02T11:25:38,-117.86,"4498 Abigail Tunnel, Yonkers, NY 17058",refund,,approved,1368.0
180,29,Stevens-Miller,2025-04-02T11:42:23,-207.52,"3025 Kathleen Neck, Albany, NY 11700",refund,,approved,1330.14
181,55,"Alvarez, Taylor and Graham",2025-04-02T11:57:38,-149.28,"3043 Greene Street, White Plains, NY 14897",cancellation,134,approved,26.35
182,29,Barnes-Good,2025-04-02T12:01:11,94.16,"3402 Joseph Shores, Binghamton, NY 16682",p2p_transfer,,approved,1424.3
183,8,"Morris, Bradley and Lester",2025-04-02T12:10:32,-350.69,"2200 Hayes Parks, Albany, NY 15767",refund,,approved,310.58
184,8,Snyder and Sons,2025-04-02T12:17:43,148.7,"569 Jessica Oval, Binghamton, NY 16368",purchase,,approved,459.28
185,46,Frank-Davidson,2025-04-02T12:33:46,167.7,"3813 Wilson Drive, Niagara Falls, NY 15665",atm_withdrawal,,approved,1286.5
186,31,Fisher PLC,2025-04-02T12:36:37,31.8,"4849 Danny Streets, New York, NY 11238",atm_withdrawal,,approved,4247.96
187,16,"Tanner, Haney and Welch",2025-04-02T12:37:14,311.8,"5899 Allen Turnpike, Staten Island, NY 18032",bill_payment,,approved,865.12
188,35,Nelson-Jackson,2025-04-02T12:37:42,18.95,"1252 Frederick Burgs, Albany, NY 17312",purchase,,approved,391.53
189,19,Porter-Bailey,2025-04-02T12:42:04,109.68,"2999 Wise Shores, New York, NY 16438",wire_transfer,,approved,321.83
190,47,Meyers-Parks,2025-04-02T12:52:34,268.86,"6680 Benjamin Rapid, New York, NY 11293",purchase,,approved,1749.94
191,33,Bates-Kelly,2025-04-02T12:53:14,-269.84,"872 Kevin Roads, Yonkers, NY 17271",refund,,approved,316.68
192,21,Hall LLC,2025-04-02T13:12:17,383.39,"9510 Taylor Loaf, Albany, NY 17373",wire_transfer,,approved,852.32
193,12,Wyatt Ltd,2025-04-02T13:21:44,-216.83,"6059 Wayne Expressway, Cruzfort, MA 02401",refund,,approved,263.19
194,44,Reed-Summers,2025-04-02T13:26:46,183.84,"4476 Pham Gateway, Rochester, NY 11665",purchase,,approved,68.68
195,6,Hughes PLC,2025-04-02T14:18:06,213.09,"9155 George Brook, Schenectady, NY 11353",p2p_transfer,,approved,1252.42
196,32,Mcneil PLC,2025-04-02T14:18:40,135.75,"5404 Schwartz Manors, New York, NY 19854",atm_withdrawal,,approved,1503.75
197,45,Daniels Ltd,2025-04-02T14:31:02,-71.01,"4899 Sutton Shores, Staten Island, NY 11534",refund,,approved,626.42
198,41,"Herrera, Holt and Davis",2025-04-02T14:56:23,167.69,"1361 Reynolds Square, Staten Island, NY 14235",p2p_transfer,,approved,408.47
199,47,Garcia Ltd,2025-04-02T15:40:30,64.28,"6390 Snyder Ville, Queens, NY 15727",atm_withdrawal,,approved,1814.22
200,52,Miller-Francis,2025-04-02T16:08:49,294.09,"6200 Samuel Lodge, Schenectady, NY 14172",bill_payment,,approved,1893.16
201,32,"Castaneda, Dalton and Gonzalez",2025-04-02T16:20:34,-461.55,"4110 Atkins Corner, New York, NY 16826",refund,,approved,1042.2
202,8,"Washington, Montes and Solis",2025-04-02T16:37:00,198.67,"2445 Lisa Cape, Schenectady, NY 18718",purchase,,approved,657.95
203,39,Bonilla-Flores,2025-04-02T16:40:48,-378.5,"7237 Wanda Keys, Albany, NY 12896",refund,,approved,3865.24
204,47,Rowe Ltd,2025-04-02T16:42:52,203.52,"5567 Lopez Prairie, Staten Island, NY 11838",wire_transfer,,approved,2017.74
205,54,"Martinez, Perez and Parker",2025-04-02T17:03:06,488.66,"4065 Wallace Circle, Schenectady, NY 11879",bill_payment,,approved,520.12
206,6,Gallagher LLC,2025-04-02T17:18:10,-79.28,"8636 Gregory Extensions, Schenectady, NY 17723",refund,,approved,1173.14
207,5,Meyer-Sandoval,2025-04-02T17:21:36,-85.22,"8181 Ramirez Mount, Niagara Falls, NY 17624",refund,,approved,1189.3
208,50,"Turner, Sosa and Morse",2025-04-02T18:11:13,121.23,"4430 Matthews Shoals, Troy, NY 11698",purchase,,approved,187.34
209,32,"Gray, Simpson and Chapman",2025-04-02T18:13:28,123.45,"5204 Jennifer Valleys, Rochester, NY 14501",p2p_transfer,,approved,1165.65
210,59,Hernandez Group,2025-04-02T18:22:15,187.31,"6048 Kim Ford, Yonkers, NY 18127",purchase,,approved,1229.42
211,2,Yates-Huffman,2025-04-02T18:39:37,223.08,"477 Jeffery Passage, New York, NY 12632",purchase,,approved,763.39
212,27,Conway Group,2025-04-02T18:45:37,333.68,"6534 Jamie Fall, Queens, NY 11221",wire_transfer,,approved,724.06
213,43,Harris LLC,2025-04-02T18:56:46,465.64,"6703 Kenneth Ridges, Staten Island, NY 11881",wire_transfer,,approved,1324.21
214,29,Harris and Sons,2025-04-02T19:05:06,187.72,"2992 Raymond Grove, Albany, NY 12761",purchase,,approved,1612.02
215,56,Hodges PLC,2025-04-02T19:18:56,180.9,"9569 Rice Valleys, Staten Island, NY 19636",p2p_transfer,,approved,1142.81
216,9,Blake PLC,2025-04-02T19:29:55,-420.5,"2782 Samuel Ridges, Binghamton, NY 19696",refund,,approved,1611.96
217,17,Church and Sons,2025-04-02T20:01:07,350.02,"8047 Ellen Points, Albany, NY 17320",bill_payment,,approved,662.37
218,2,"Thompson, Martin and Long",2025-04-02T20:46:31,396.25,"9836 Owens Shoals, Syracuse, NY 13677",wire_transfer,,approved,1159.64
219,59,Fuentes Inc,2025-04-02T21:26:26,-166.34,"2794 Theresa Views, New York, NY 10078",refund,,approved,1063.08
220,40,"Phillips, Dougherty and Reeves",2025-04-02T21:28:16,484.48,"8071 Ryan Walks, Niagara Falls, NY 10346",wire_transfer,,approved,2608.0
221,31,"Miller, Young and Rogers",2025-04-02T21:49:29,129.37,"6670 Holland Summit, Queens, NY 11602",atm_withdrawal,,approved,4377.33
222,38,Day-Mitchell,2025-04-02T22:18:53,493.71,"8187 Joseph Highway, Syracuse, NY 15227",wire_transfer,,approved,1071.07
223,40,"Smith, Miller and Burton",2025-04-02T22:51:23,186.19,"5921 Russell Plain, Yonkers, NY 17564",purchase,,approved,2794.19
224,53,Castaneda-Davidson,2025-04-02T22:55:48,285.45,"9006 Leonard Grove, Binghamton, NY 14220",p2p_transfer,,approved,2924.65
225,43,"Williams, Murphy and Lane",2025-04-02T23:15:06,412.5,"300 Michael Mews, White Plains, NY 14777",p2p_transfer,,approved,1736.71
226,54,Wilson-Fuller,2025-04-02T23:16:23,342.89,"7950 Rogers Drive, Buffalo, NY 17339",bill_payment,,approved,863.01
228,13,Wagner Group,2025-04-03T01:03:25,96.08,"6860 Taylor Drives, New Deanna, TX 76560",wire_transfer,,approved,975.7
229,26,Hernandez PLC,2025-04-03T01:57:59,111.96,"8245 Murphy Summit, Brooklyn, NY 11593",purchase,,approved,717.6
230,31,"Potter, Davis and Thomas",2025-04-03T02:11:45,132.98,"1191 Howe Burg, Ithaca, NY 13831",bill_payment,,approved,4510.31
231,58,Hunt Ltd,2025-04-03T02:40:08,19.05,"3147 Wong Causeway, Albany, NY 16584",purchase,,approved,173.53
232,7,Lee Ltd,2025-04-03T03:28:21,338.25,"7502 Wilson Harbor, Yonkers, NY 10957",p2p_transfer,,approved,1612.97
233,44,"Conley, Brown and Warren",2025-04-03T03:53:06,402.71,"613 Nicholas Forges, Bronx, NY 15027",p2p_transfer,,approved,471.39
234,24,Banks-Gates,2025-04-03T03:54:29,-314.62,"6879 Wyatt Village, Niagara Falls, NY 18740",refund,,approved,3227.65
235,24,"Jackson, Smith and Brooks",2025-04-03T04:04:34,340.21,"3374 Stein Inlet, New York, NY 14516",bill_payment,,approved,3567.86
237,38,Morrison-Miller,2025-04-03T04:18:33,183.74,"5362 Short Mills, Rochester, NY 12137",atm_withdrawal,,approved,1254.81
238,27,"Barber, Martin and Glenn",2025-04-03T04:55:44,299.29,"9408 Palmer Lake, Troy, NY 10173",purchase,,approved,1023.35
239,32,"Hunter, Beck and Brown",2025-04-03T05:45:30,226.92,"7174 King Corner, Brooklyn, NY 16756",bill_payment,,approved,1392.57
240,1,"Meyer, Leach and James",2025-04-03T05:53:13,79.38,"2360 Soto Summit, Cheektowaga, NY 15562",purchase,,approved,602.24
241,19,"Williams, Sandoval and Lopez",2025-04-03T06:14:25,120.44,"3358 Joseph Meadow, Syracuse, NY 18556",atm_withdrawal,,approved,442.27
242,7,Obrien Group,2025-04-03T06:31:00,224.7,"3451 Edwards Mountain, White Plains, NY 10933",purchase,,approved,1837.67
243,53,Morris-Stephens,2025-04-03T06:34:59,467.63,"7026 Ross Mountain, Syracuse, NY 10678",wire_transfer,,approved,3392.28
244,47,"Marshall, Avery and Glover",2025-04-03T08:01:55,-391.82,"1211 Rebecca Ways, Syracuse, NY 11721",refund,,approved,1625.92
245,30,"Thompson, Watts and Barrett",2025-04-03T08:05:49,85.42,"5814 Weaver Hills, Troy, NY 19734",p2p_transfer,,approved,3289.38
246,36,Wright-Johnson,2025-04-03T08:08:29,98.64,"5338 Jacqueline Trace, Staten Island, NY 10067",bill_payment,,approved,3981.05
247,31,"Wood, Perry and Phelps",2025-04-03T08:20:34,406.53,"5239 Kevin Rapids, Cheektowaga, NY 16536",wire_transfer,,approved,4916.84
248,54,James Group,2025-04-03T08:32:41,329.59,"481 Thomas Causeway, New York, NY 19247",p2p_transfer,,approved,1192.6
249,48,Rodriguez Group,2025-04-03T08:58:49,200.12,"4456 Dominique Mall, White Plains, NY 15954",purchase,,approved,2570.24
250,23,Galvan-Peterson,2025-04-03T09:15:21,-430.65,"2646 Bush Plains, Staten Island, NY 19042",refund,,approved,-71.11
251,57,Nixon-Cook,2025-04-03T09:29:42,-146.26,"8990 Miranda Mill, Staten Island, NY 12239",refund,,approved,750.36
252,9,Phillips-Simon,2025-04-03T10:03:06,239.3,"1319 Amy Shore, Cheektowaga, NY 18156",wire_transfer,,approved,1851.26
253,8,"Washington, Montes and Solis",2025-04-03T10:37:00,-198.67,"2445 Lisa Cape, Schenectady, NY 18718",cancellation,202,approved,459.28
254,54,"Webb, Lam and Morales",2025-04-03T11:11:43,211.72,"7384 Chambers Points, Niagara Falls, NY 16508",p2p_transfer,,approved,1404.32
255,10,Carrillo Inc,2025-04-03T11:24:29,7.77,"473 King Stream, Cheektowaga, NY 13824",purchase,,approved,-180.36
256,51,Hendrix-Sosa,2025-04-03T11:32:57,-95.67,"2836 Walker Extension, Syracuse, NY 15981",refund,,approved,641.35
257,31,"Porter, King and Sexton",2025-04-03T11:38:04,344.97,"5353 Michele Mall, Rochester, NY 12047",wire_transfer,,approved,5261.81
258,28,Wilson Inc,2025-04-03T12:08:24,160.95,"456 Beverly Plain, Utica, NY 11537",atm_withdrawal,,approved,1559.94
259,45,Donovan and Sons,2025-04-03T12:17:47,3862.5,"2316 Nguyen Brooks, Buffalo, NY 17950",wire_transfer,,approved,4488.92
260,42,Mcclain-Ramos,2025-04-03T12:21:23,63.72,"2966 Green Green, Staten Island, NY 14305",atm_withdrawal,,approved,-82.14
261,43,"Osborne, Stark and Rivera",2025-04-03T12:22:58,-237.16,"3267 Peter Forge, Huberstad, IL 69138",refund,,approved,1499.55
262,1,Gutierrez-West,2025-04-03T12:24:32,20.35,"2883 Joshua Lock, Niagara Falls, NY 11165",atm_withdrawal,,approved,622.59
263,13,West-Chase,2025-04-03T13:20:59,-99.65,"3003 Veronica Brook, Syracuse, NY 15631",refund,,approved,876.05
264,53,"Allen, Leach and Stevens",2025-04-03T13:41:22,268.2,"7301 Lori Rapids, Rochester, NY 12176",p2p_transfer,,approved,3660.48
265,26,Anderson-Barry,2025-04-03T13:48:02,194.13,"9015 Dyer Cliffs, Queens, NY 12580",wire_transfer,,approved,911.73
266,12,Rojas-Webb,2025-04-03T13:58:30,50.02,"4482 Brenda Ramp, Niagara Falls, NY 10785",atm_withdrawal,,approved,313.21
267,7,"Griffin, Bautista and Miller",2025-04-03T14:03:36,463.08,"4991 Carlos Ville, Niagara Falls, NY 15944",bill_payment,,approved,2300.75
268,44,Gonzalez-Bradley,2025-04-03T14:13:05,-243.56,"4441 Wright Fort, White Plains, NY 19364",refund,,approved,227.83
269,35,Eaton-Beltran,2025-04-03T14:15:21,163.2,"8483 Scott Causeway, Schenectady, NY 11116",p2p_transfer,,approved,554.73
270,5,Ritter PLC,2025-04-03T14:29:02,-449.11,"2267 Galvan Springs, Cheektowaga, NY 17899",refund,,approved,740.19
271,25,David and Sons,2025-04-03T15:04:01,236.04,"3555 Jaclyn Mews, Albany, NY 19062",purchase,,approved,1331.02
272,42,Hughes-Butler,2025-04-03T16:01:12,46.56,"7540 Gilbert Stravenue, Cheektowaga, NY 17811",purchase,,approved,-35.58
273,31,Hamilton-Garcia,2025-04-03T16:11:08,195.42,"5536 Danielle Burgs, White Plains, NY 16958",atm_withdrawal,,approved,5457.23
274,38,Perry PLC,2025-04-03T16:30:36,150.23,"3192 Gonzales Lakes, Queens, NY 17083",atm_withdrawal,,approved,1405.04
275,53,Wilson LLC,2025-04-03T16:36:32,310.18,"8202 Gutierrez Meadows, Rochester, NY 17495",p2p_transfer,,approved,3970.66
276,8,Franco and Sons,2025-04-03T16:39:56,-158.45,"1391 Lisa Rue, Queens, NY 14427",refund,,approved,300.83
277,44,Wagner-Shepard,2025-04-03T16:54:44,61.17,"7553 Buchanan Center, White Plains, NY 16602",atm_withdrawal,,approved,289.0
278,52,Powell Group,2025-04-03T16:59:37,69.49,"7560 Williams Lodge, Troy, NY 12472",wire_transfer,,approved,1962.65
279,52,Hogan LLC,2025-04-03T17:18:05,384.53,"7642 Tracy Pine, Rochester, NY 17991",wire_transfer,,approved,2347.18
280,14,Calderon and Sons,2025-04-03T17:20:31,75.82,"1673 White Falls, Niagara Falls, NY 14157",atm_withdrawal,,approved,662.32
281,22,Coleman-Richardson,2025-04-03T17:29:45,-19.68,"2234 Christian Road, Bronx, NY 12388",refund,,approved,12045.89
282,42,"Lee, Collins and Osborn",2025-04-03T18:12:37,202.1,"5391 Wilson Trace, Niagara Falls, NY 12694",p2p_transfer,,approved,166.52
283,4,"Hernandez, Thompson and Marsh",2025-04-03T18:16:40,86.31,"3763 Mercer Extensions, Schenectady, NY 14087",wire_transfer,,approved,943.49
284,32,Vasquez-Jones,2025-04-03T18:20:36,394.97,"6611 Howard Plaza, Cheektowaga, NY 11703",bill_payment,,approved,1787.54
285,7,Hall Inc,2025-04-03T18:57:28,410.11,"3325 Kyle Trace, Staten Island, NY 18963",p2p_transfer,,approved,2710.86
286,11,Martinez PLC,2025-04-03T19:06:09,88.38,"6468 Shelley Plaza, Niagara Falls, NY 19408",purchase,,approved,568.55
287,43,Martinez-Cole,2025-04-03T19:54:08,499.37,"3690 Burke Roads, Rochester, NY 12735",bill_payment,,approved,1998.92
288,48,Hamilton-Gordon,2025-04-03T20:27:14,3749.55,"3374 Perez Wall, Utica, NY 12733",p2p_transfer,,approved,6319.79
289,48,Skinner-Clark,2025-04-03T20:31:18,255.8,"821 Taylor Field, Troy, NY 10241",wire_transfer,,approved,6575.59
290,21,Wright-Monroe,2025-04-03T20:47:55,-242.49,"9360 Huff Road, Niagara Falls, NY 17804",refund,,approved,609.83
291,31,Garcia Inc,2025-04-03T21:11:47,419.19,"2209 Rios Lodge, Staten Island, NY 13523",p2p_transfer,,approved,5876.42
292,29,Craig-Medina,2025-04-03T21:26:31,1584.15,"3254 Shaw Locks, Buffalo, NY 15931",atm_withdrawal,,approved,3196.17
293,35,Freeman-Olson,2025-04-03T21:46:40,25.39,"493 John Junction, Syracuse, NY 18906",atm_withdrawal,,approved,580.12
294,43,Estes-Palmer,2025-04-03T21:47:36,169.21,"4149 Wright Mall, Binghamton, NY 19509",atm_withdrawal,,approved,2168.13
295,21,Johnson-Spears,2025-04-03T22:14:35,463.59,"6199 Saunders Lodge, Buffalo, NY 17772",bill_payment,,approved,1073.42
296,9,Arnold-Nunez,2025-04-03T22:24:41,260.81,"9741 Mcgee River, West Brittanyshire, CA 98036",wire_transfer,,approved,2112.07
297,20,"Friedman, Cox and Pittman",2025-04-03T22:26:18,440.83,"7339 Jeffrey Manor, Troy, NY 14229",bill_payment,,approved,1274.92
298,27,Martinez-Bishop,2025-04-03T22:41:07,258.19,"1408 Fisher Mountain, New York, NY 10861",p2p_transfer,,approved,1281.54
299,38,Phillips-Martinez,2025-04-03T22:52:32,52.95,"8651 Olivia Squares, Ithaca, NY 16941",atm_withdrawal,,approved,1457.99
300,48,Miller-Cooper,2025-04-03T22:54:20,225.02,"4696 Samuel Village, Schenectady, NY 15564",purchase,,approved,6800.61
301,4,"Hurst, Melendez and Richardson",2025-04-03T23:14:03,-25.19,"909 Snow Forks, Syracuse, NY 12959",refund,,approved,918.3
302,14,Mays-Melendez,2025-04-04T01:59:15,263.99,"3270 Janet Ports, Rochester, NY 18187",wire_transfer,,approved,926.31
303,8,White PLC,2025-04-04T01:59:59,-181.4,"5075 Kristin Burgs, Syracuse, NY 19144",refund,,approved,119.43
304,39,Newman Inc,2025-04-04T02:03:48,3858.15,"8482 David Estates, Dianachester, CT 08643",bill_payment,,approved,7723.39
305,5,"Wright, Carey and Newton",2025-04-04T02:24:19,5325.6,"4114 Thompson Flats, Niagara Falls, NY 10009",bill_payment,,approved,6065.79
306,33,Hall PLC,2025-04-04T02:41:45,168.56,"6561 Olsen Walks, White Plains, NY 17290",atm_withdrawal,,approved,485.24
307,27,Clark-Morton,2025-04-04T02:43:38,130.4,"3701 Day Trafficway, Cheektowaga, NY 14825",atm_withdrawal,,approved,1411.94
308,60,"Stewart, Turner and Pitts",2025-04-04T03:15:54,80.78,"3093 Garcia Trafficway, Troy, NY 18283",atm_withdrawal,,approved,539.07
309,4,"Dominguez, Nicholson and Lamb",2025-04-04T03:23:07,180.12,"6739 Taylor Pass, Schenectady, NY 18156",wire_transfer,,approved,1098.42
310,45,"Willis, Glover and Long",2025-04-04T03:34:45,238.88,"6224 Amanda Streets, Brooklyn, NY 12401",p2p_transfer,,approved,4727.8
311,7,"Porter, Collins and Watkins",2025-04-04T03:37:24,388.75,"4795 Martin Key, Ithaca, NY 15560",p2p_transfer,,approved,3099.61
312,17,King PLC,2025-04-04T03:54:11,-95.94,"2573 Wilkerson Way, Yonkers, NY 17009",refund,,approved,566.43
313,22,"Schaefer, Gregory and Watson",2025-04-04T04:03:22,302.64,"8222 Janice Glen, Niagara Falls, NY 10017",wire_transfer,,approved,12348.53
314,8,"Sanchez, Williams and Stevens",2025-04-04T04:03:54,258.34,"4055 Christopher Rapids, Bronx, NY 19915",purchase,,approved,377.77
315,51,"Shea, Fernandez and Taylor",2025-04-04T04:38:02,340.45,"8315 Arnold Harbor, Crystalfort, VT 06974",p2p_transfer,,approved,981.8
316,15,"Frederick, Bowen and Weiss",2025-04-04T05:27:12,100.29,"2663 Hughes Camp, White Plains, NY 17069",purchase,,approved,391.87
317,22,Rivera-Wise,2025-04-04T05:43:44,50.99,"7964 Roberto Center, Yonkers, NY 15805",bill_payment,,approved,12399.52
318,29,Long-Moore,2025-04-04T05:57:48,251.19,"7047 Michael Track, Queens, NY 10764",p2p_transfer,,approved,3447.36
319,36,"Woodard, Silva and Wright",2025-04-04T06:18:51,452.22,"4478 Soto Brook, Syracuse, NY 19128",bill_payment,,approved,4433.27
320,54,Welch-Garrett,2025-04-04T06:53:53,-221.79,"4499 Mary Drive, Albany, NY 19368",refund,,approved,1182.53
321,43,Bates Ltd,2025-04-04T07:04:25,487.14,"8881 Briggs Fall, Staten Island, NY 12146",bill_payment,,approved,2655.27
322,19,Norris-Campos,2025-04-04T07:04:56,-110.19,"2124 Peterson Well, Queens, NY 13547",refund,,approved,332.08
323,33,"Harper, Randolph and Thompson",2025-04-04T07:25:13,40.71,"4348 Daniel Village, Niagara Falls, NY 11475",purchase,,approved,525.95
324,43,"Chung, Bell and Perkins",2025-04-04T07:27:10,268.28,"6586 Heath Trace, Yonkers, NY 13216",purchase,,approved,2923.55
325,48,Baker-Murphy,2025-04-04T08:08:21,352.55,"1434 Linda Crescent, Syracuse, NY 15162",p2p_transfer,,approved,7153.16
326,2,"Santos, Bolton and Smith",2025-04-04T08:23:27,122.06,"7 Diane Ville, New York, NY 14073",bill_payment,,approved,1281.7
327,11,Miller-Marshall,2025-04-04T08:43:06,182.79,"4974 Pitts Locks, Utica, NY 14678",p2p_transfer,,approved,751.34
328,18,Mcfarland-Silva,2025-04-04T08:45:22,133.52,"651 Debra Radial, Bronx, NY 17360",p2p_transfer,,approved,339.65
329,27,Williams Ltd,2025-04-04T08:47:41,274.82,"7234 Green Oval, Buffalo, NY 10935",purchase,,approved,1686.76
330,1,"Hardy, Blair and Rivera",2025-04-04T08:53:49,197.15,"4619 Timothy Estates, Yonkers, NY 19791",atm_withdrawal,,approved,819.74
331,45,"Barton, Warner and Kelly",2025-04-04T09:01:29,170.46,"1734 Makayla Islands, New York, NY 17407",p2p_transfer,,approved,4898.26
332,34,Nichols-Rodriguez,2025-04-04T09:11:00,-371.98,"7640 Barrett Stravenue, Troy, NY 16901",refund,,approved,318.84
333,23,Burke Ltd,2025-04-04T09:31:04,15.04,"9039 Richard Knoll, Schenectady, NY 15424",purchase,,approved,-56.07
334,45,Bridges-Copeland,2025-04-04T09:35:36,291.78,"3994 Joshua Forks, Niagara Falls, NY 19112",wire_transfer,,approved,5190.04
335,53,"Harris, Mclean and Baker",2025-04-04T10:04:00,-110.98,"1734 Reynolds Trace, Ithaca, NY 13588",refund,,approved,3859.68
336,39,Parsons PLC,2025-04-04T10:10:07,223.2,"213 Marks Camp, Staten Island, NY 19886",wire_transfer,,approved,7946.59
337,10,Harrison Inc,2025-04-04T10:30:50,-485.05,"1584 Arnold Fort, Niagara Falls, NY 10697",refund,,approved,-665.41
338,31,"Ortiz, Evans and Lewis",2025-04-04T10:43:29,239.16,"641 Alyssa Vista, Staten Island, NY 11594",p2p_transfer,,approved,6115.58
339,44,David-Harrell,2025-04-04T10:49:44,50.71,"7546 Selena Gateway, Niagara Falls, NY 16580",atm_withdrawal,,approved,339.71
340,60,"Wong, Garcia and Higgins",2025-04-04T11:10:12,-231.17,"4776 Park Passage, Brooklyn, NY 18359",refund,,approved,307.9
341,2,Williams-Mitchell,2025-04-04T11:20:16,454.32,"4416 Anderson Oval, Rochester, NY 10195",bill_payment,,approved,1736.02
342,21,Thomas-Morris,2025-04-04T11:33:45,138.32,"4178 Kayla Tunnel, Albany, NY 16806",atm_withdrawal,,approved,1211.74
343,46,"Scott, Hopkins and Vasquez",2025-04-04T12:12:39,205.06,"521 Gutierrez Burgs, Ithaca, NY 19504",p2p_transfer,,approved,1491.56
344,60,Spencer LLC,2025-04-04T12:13:06,463.8,"1521 Kathleen Fields, Rochester, NY 19570",bill_payment,,approved,771.7
345,26,Proctor Group,2025-04-04T12:14:28,-31.31,"4522 Kimberly Fields, Cheektowaga, NY 13781",refund,,approved,880.42
346,36,Franklin-Hendricks,2025-04-04T13:06:44,186.58,"3877 Miller Cliff, Niagara Falls, NY 18867",purchase,,approved,4619.85
347,37,Gibson-Oconnor,2025-04-04T13:21:10,106.82,"448 Trevor Light, Cheektowaga, NY 19323",p2p_transfer,,approved,1750.08
348,33,"Hart, Hall and Ford",2025-04-04T13:32:05,442.2,"8499 Parker Walks, Cheektowaga, NY 16063",atm_withdrawal,,approved,968.15
349,15,Franklin LLC,2025-04-04T13:36:10,126.47,"7762 Mcdonald Burgs, Binghamton, NY 18333",p2p_transfer,,approved,518.34
350,6,Schultz Inc,2025-04-04T13:39:24,254.34,"3815 Bautista Fields, Brooklyn, NY 14223",purchase,,approved,1427.48
351,57,Leblanc Ltd,2025-04-04T13:58:25,126.37,"4636 Morales Passage, White Plains, NY 15050",wire_transfer,,approved,876.73
352,34,Smith-Morales,2025-04-04T14:36:58,100.32,"318 Cox Isle, Schenectady, NY 11925",atm_withdrawal,,approved,419.16
353,28,Johnson-Copeland,2025-04-04T15:43:07,451.05,"7063 Alexander Ridge, Albany, NY 19204",bill_payment,,approved,2010.99
354,51,Hutchinson PLC,2025-04-04T15:49:18,412.81,"4062 Davis Islands, Cheektowaga, NY 14210",p2p_transfer,,approved,1394.61
355,5,"Miller, Montoya and Lyons",2025-04-04T16:15:36,298.93,"2127 Taylor Springs, Utica, NY 10113",p2p_transfer,,approved,6364.72
356,57,Holland-Parker,2025-04-04T16:17:27,275.17,"1778 Robert Mission, Utica, NY 17789",wire_transfer,,approved,1151.9
357,36,"Wallace, Clark and Bates",2025-04-04T16:22:46,-308.12,"2976 Victoria View, Saraland, NJ 05357",refund,,approved,4311.73
358,52,Robertson-Gibson,2025-04-04T16:22:55,168.41,"8461 Mark Loop, Utica, NY 19547",atm_withdrawal,,approved,2515.59
359,52,Sims Group,2025-04-04T16:29:00,215.58,"5874 Megan Ramp, Bronx, NY 18141",purchase,,approved,2731.17
360,43,Ford-Evans,2025-04-04T16:29:45,455.66,"9683 Rachel Groves, Binghamton, NY 10510",p2p_transfer,,approved,3379.21
361,33,Tucker Group,2025-04-04T16:36:44,276.68,"2591 Brittany Estate, Brooklyn, NY 18739",wire_transfer,,approved,1244.83
362,1,"Goodwin, Hale and Tran",2025-04-04T16:46:04,99.9,"9854 Smith Rapid, Binghamton, NY 16116",purchase,,approved,919.64
363,36,Vaughn-Henderson,2025-04-04T16:46:35,492.0,"2035 Jeffery Village, Queens, NY 12819",p2p_transfer,,approved,4803.73
364,56,"Palmer, Davis and Gutierrez",2025-04-04T16:49:33,361.21,"7962 Hernandez Mission, Albany, NY 17895",bill_payment,,approved,1504.02
365,8,Vargas Ltd,2025-04-04T16:57:56,72.32,"3312 Michael Club, Troy, NY 16849",bill_payment,,approved,450.09
366,32,Davis-Riley,2025-04-04T17:01:52,239.79,"9490 Hill Rue, Binghamton, NY 12450",p2p_transfer,,approved,2027.33
367,4,White-Long,2025-04-04T17:34:41,341.04,"2405 Hobbs Trail, Niagara Falls, NY 19594",p2p_transfer,,approved,1439.46
368,3,"Smith, Wallace and Stevenson",2025-04-04T17:56:16,439.32,"9942 Fisher Row, Cheektowaga, NY 16282",bill_payment,,approved,2514.53
369,31,"Ross, Cooper and Everett",2025-04-04T18:04:13,360.41,"6945 Young Causeway, Stevechester, FL 31117",wire_transfer,,approved,6475.99
370,48,"Rodriguez, Young and Stephens",2025-04-04T18:18:29,326.02,"9316 Olsen Ports, Binghamton, NY 17622",wire_transfer,,approved,7479.18
371,1,"Davidson, Greer and Wilson",2025-04-04T18:21:14,59.6,"1919 Collins Harbors, Cheektowaga, NY 19469",wire_transfer,,approved,979.24
372,47,"Smith, Evans and Diaz",2025-04-04T18:28:23,146.89,"8372 Blevins Route, Binghamton, NY 10297",wire_transfer,,approved,1772.81
373,60,"Bell, Palmer and Alexander",2025-04-04T18:35:42,301.32,"7155 Emily Flat, Yonkers, NY 13982",bill_payment,,approved,1073.02
374,5,"Schwartz, Floyd and Clark",2025-04-04T18:48:47,81.97,"6954 Best Union, South Aaron, NJ 07743",p2p_transfer,,approved,6446.69
375,46,Hamilton-Ruiz,2025-04-04T18:50:32,-178.46,"3576 Blackwell Summit, North Christineview, MA 07165",refund,,approved,1313.1
376,5,Summers-Floyd,2025-04-04T18:54:18,-352.41,"8303 Samuel Route, Ithaca, NY 10144",refund,,approved,6094.28
377,43,Taylor PLC,2025-04-04T19:06:16,156.61,"3493 Vargas Point, Syracuse, NY 15594",purchase,,approved,3535.82
378,27,Owen PLC,2025-04-04T19:27:13,211.02,"5228 Lisa Drive, Staten Island, NY 10431",bill_payment,,approved,1897.78
379,14,"Lucas, Lambert and Henderson",2025-04-04T19:34:34,299.92,"6651 Benjamin Plain, Yonkers, NY 19572",p2p_transfer,,approved,1226.23
380,22,Sheppard PLC,2025-04-04T19:41:29,312.32,"9411 Daniel Expressway, Troy, NY 19123",p2p_transfer,,approved,12711.84
381,32,"Greene, Scott and Taylor",2025-04-04T20:04:12,233.87,"6554 Santana Spurs, Utica, NY 13231",p2p_transfer,,approved,2261.2
382,15,Aguilar-Luna,2025-04-04T20:26:59,78.47,"9485 Watson Manors, New York, NY 11443",atm_withdrawal,,approved,596.81
383,43,Jackson Inc,2025-04-04T20:28:33,38.24,"5036 Suarez Knoll, Syracuse, NY 15237",atm_withdrawal,,approved,3574.06
384,18,Wagner-Schmidt,2025-04-04T20:29:37,302.24,"6864 Hammond Crossroad, Ithaca, NY 14866",wire_transfer,,approved,641.89
385,60,Hill-Nguyen,2025-04-04T20:34:48,181.35,"882 Thomas Park, New York, NY 13102",atm_withdrawal,,approved,1254.37
386,9,"Page, Wiggins and Hubbard",2025-04-04T20:46:52,92.25,"5359 Shannon Villages, Yonkers, NY 19505",wire_transfer,,approved,2204.32
387,26,Wright-Sandoval,2025-04-04T20:48:08,342.12,"3615 Ibarra Plains, New Angelaside, MA 06809",wire_transfer,,approved,1222.54
388,41,Martin Inc,2025-04-04T20:57:04,177.24,"8377 Chelsea Dam, Ithaca, NY 18245",purchase,,approved,585.71
389,47,"Rios, Oneal and Sanchez",2025-04-04T21:06:30,139.59,"1058 Deborah Mountain, Syracuse, NY 13629",atm_withdrawal,,approved,1912.4
390,59,Pineda LLC,2025-04-04T21:25:08,10.47,"2002 Ross Glen, Binghamton, NY 13289",purchase,,approved,1073.55
391,47,Rose-Estrada,2025-04-04T21:32:43,196.73,"3211 Garza Fords, Buffalo, NY 15245",atm_withdrawal,,approved,2109.13
393,3,"Wallace, Sheppard and Parsons",2025-04-04T21:49:07,-82.3,"970 Cantrell River, Buffalo, NY 14187",refund,,approved,2432.23
394,46,Stone-Lin,2025-04-04T22:02:54,438.89,"9322 Tran Mountains, Binghamton, NY 10208",p2p_transfer,,approved,1751.99
395,9,Fry-Cameron,2025-04-04T22:24:32,114.26,"5592 Natasha Fort, Schenectady, NY 11865",purchase,,approved,2318.58
396,59,Pineda LLC,2025-04-04T22:25:08,-10.47,"2002 Ross Glen, Binghamton, NY 13289",cancellation,390,approved,1063.08
397,7,Smith PLC,2025-04-04T22:27:05,210.54,"5288 Bridges Rue, Cheektowaga, NY 19417",purchase,,approved,3310.15
398,38,Aguirre PLC,2025-04-04T22:31:48,53.87,"3536 Blair Grove, Queens, NY 10313",p2p_transfer,,approved,1511.86
399,6,"Patel, Smith and Fox",2025-04-04T22:52:18,37.34,"5465 Hendrix Viaduct, Rochester, NY 17112",purchase,,approved,1464.82
400,9,"Moore, Moore and Williams",2025-04-04T23:12:09,236.92,"6924 Jeffrey Junction, White Plains, NY 12583",bill_payment,,approved,2555.5
402,22,"Coleman, Bailey and Brown",2025-04-04T23:35:25,898.05,"3848 Sean Land, Buffalo, NY 19516",atm_withdrawal,,approved,13609.89
403,52,Prince and Sons,2025-04-04T23:37:56,346.21,"7658 Kenneth Tunnel, North Todd, TX 70095",p2p_transfer,,approved,3077.38
